index,category,zekr,description,count,reference,search
0,أذكار الصباح,"أَعُوذُ بِاللهِ مِنْ الشَّيْطَانِ الرَّجِيمِ
اللّهُ لاَ إِلَـهَ إِلاَّ هُوَ الْحَيُّ الْقَيُّومُ لاَ تَأْخُذُهُ سِنَةٌ وَلاَ نَوْمٌ لَّهُ مَا فِي السَّمَاوَاتِ وَمَا فِي الأَرْضِ مَن ذَا الَّذِي يَشْفَعُ عِنْدَهُ إِلاَّ بِإِذْنِهِ يَعْلَمُ مَا بَيْنَ أَيْدِيهِمْ وَمَا خَلْفَهُمْ وَلاَ يُحِيطُونَ بِشَيْءٍ مِّنْ عِلْمِهِ إِلاَّ بِمَا شَاء وَسِعَ كُرْسِيُّهُ السَّمَاوَاتِ وَالأَرْضَ وَلاَ يَؤُودُهُ حِفْظُهُمَا وَهُوَ الْعَلِيُّ الْعَظِيمُ.",من قالها حين يصبح أجير من الجن حتى يمسى ومن قالها حين يمسى أجير من الجن حتى يصبح.,1,آية الكرسى - سورة البقرة 255,أذكار الصباح
1,أذكار الصباح,"بِسْمِ اللهِ الرَّحْمنِ الرَّحِيم
قُلْ هُوَ ٱللَّهُ أَحَدٌ، ٱللَّهُ ٱلصَّمَدُ، لَمْ يَلِدْ وَلَمْ يُولَدْ، وَلَمْ يَكُن لَّهُۥ كُفُوًا أَحَدٌۢ.",من قالها حين يصبح وحين يمسى كفته من كل شىء (الإخلاص والمعوذتين).,3,سورة الإخلاص,أذكار الصباح
2,أذكار الصباح,"بِسْمِ اللهِ الرَّحْمنِ الرَّحِيم
قُلْ أَعُوذُ بِرَبِّ ٱلْفَلَقِ، مِن شَرِّ مَا خَلَقَ، وَمِن شَرِّ غَاسِقٍ إِذَا وَقَبَ، وَمِن شَرِّ ٱلنَّفَّٰثَٰتِ فِى ٱلْعُقَدِ، وَمِن شَرِّ حَاسِدٍ إِذَا حَسَدَ.",من قالها حين يصبح وحين يمسى كفته من كل شىء (الإخلاص والمعوذتين).,3,سورة الفلق,أذكار الصباح
3,أذكار الصباح,"بِسْمِ اللهِ الرَّحْمنِ الرَّحِيم
قُلْ أَعُوذُ بِرَبِّ ٱلنَّاسِ، مَلِكِ ٱلنَّاسِ، إِلَٰهِ ٱلنَّاسِ، مِن شَرِّ ٱلْوَسْوَاسِ ٱلْخَنَّاسِ، ٱلَّذِى يُوَسْوِسُ فِى صُدُورِ ٱلنَّاسِ، مِنَ ٱلْجِنَّةِ وَٱلنَّاسِ.",من قالها حين يصبح وحين يمسى كفته من كل شىء (الإخلاص والمعوذتين).,3,سورة الناس,أذكار الصباح
4,أذكار الصباح,"أَصْـبَحْنا وَأَصْـبَحَ المُـلْكُ لله وَالحَمدُ لله ، لا إلهَ إلاّ اللّهُ وَحدَهُ لا شَريكَ لهُ، لهُ المُـلكُ ولهُ الحَمْـد، وهُوَ على كلّ شَيءٍ قدير ، رَبِّ أسْـأَلُـكَ خَـيرَ ما في هـذا اليوم وَخَـيرَ ما بَعْـدَه ، وَأَعـوذُ بِكَ مِنْ شَـرِّ ما في هـذا اليوم وَشَرِّ ما بَعْـدَه، رَبِّ أَعـوذُبِكَ مِنَ الْكَسَـلِ وَسـوءِ الْكِـبَر ، رَبِّ أَعـوذُ بِكَ مِنْ عَـذابٍ في النّـارِ وَعَـذابٍ في القَـبْر.", ,1,مسلم,أذكار الصباح
5,أذكار الصباح,"اللّهـمَّ أَنْتَ رَبِّـي لا إلهَ إلاّ أَنْتَ ، خَلَقْتَنـي وَأَنا عَبْـدُك ، وَأَنا عَلـى عَهْـدِكَ وَوَعْـدِكَ ما اسْتَـطَعْـت ، أَعـوذُبِكَ مِنْ شَـرِّ ما صَنَـعْت ، أَبـوءُ لَـكَ بِنِعْـمَتِـكَ عَلَـيَّ وَأَبـوءُ بِذَنْـبي فَاغْفـِرْ لي فَإِنَّـهُ لا يَغْـفِرُ الذُّنـوبَ إِلاّ أَنْتَ .",من قالها موقنا بها حين يمسى ومات من ليلته دخل الجنة وكذلك حين يصبح.,1,البخاري,أذكار الصباح
6,أذكار الصباح,رَضيـتُ بِاللهِ رَبَّـاً وَبِالإسْلامِ ديـناً وَبِمُحَـمَّدٍ صلى الله عليه وسلم نَبِيّـاً.,من قالها حين يصبح وحين يمسى كان حقا على الله أن يرضيه يوم القيامة.,3,أحمد,أذكار الصباح
7,أذكار الصباح,"اللّهُـمَّ إِنِّـي أَصْبَـحْتُ أُشْـهِدُك ، وَأُشْـهِدُ حَمَلَـةَ عَـرْشِـك ، وَمَلَائِكَتَكَ ، وَجَمـيعَ خَلْـقِك ، أَنَّـكَ أَنْـتَ اللهُ لا إلهَ إلاّ أَنْـتَ وَحْـدَكَ لا شَريكَ لَـك ، وَأَنَّ ُ مُحَمّـداً عَبْـدُكَ وَرَسـولُـك.",من قالها أعتقه الله من النار.,4,أبو داود,أذكار الصباح
8,أذكار الصباح,"اللّهُـمَّ ما أَصْبَـَحَ بي مِـنْ نِعْـمَةٍ أَو بِأَحَـدٍ مِـنْ خَلْـقِك ، فَمِـنْكَ وَحْـدَكَ لا شريكَ لَـك ، فَلَـكَ الْحَمْـدُ وَلَـكَ الشُّكْـر.",من قالها حين يصبح أدى شكر يومه.,1,أبو داود,أذكار الصباح
9,أذكار الصباح,حَسْبِـيَ اللّهُ لا إلهَ إلاّ هُوَ عَلَـيهِ تَوَكَّـلتُ وَهُوَ رَبُّ العَرْشِ العَظـيم.,من قالها كفاه الله ما أهمه من أمر الدنيا والأخرة.,7,أبن السني,أذكار الصباح
10,أذكار الصباح,بِسـمِ اللهِ الذي لا يَضُـرُّ مَعَ اسمِـهِ شَيءٌ في الأرْضِ وَلا في السّمـاءِ وَهـوَ السّمـيعُ العَلـيم.,لم يضره من الله شيء.,3,ابن ماجة,أذكار الصباح
11,أذكار الصباح,"اللّهُـمَّ بِكَ أَصْـبَحْنا وَبِكَ أَمْسَـينا ، وَبِكَ نَحْـيا وَبِكَ نَمُـوتُ وَإِلَـيْكَ النُّـشُور.", ,1,الترمذي,أذكار الصباح
12,أذكار الصباح,"أَصْبَـحْـنا عَلَى فِطْرَةِ الإسْلاَمِ، وَعَلَى كَلِمَةِ الإِخْلاَصِ، وَعَلَى دِينِ نَبِيِّنَا مُحَمَّدٍ صَلَّى اللهُ عَلَيْهِ وَسَلَّمَ، وَعَلَى مِلَّةِ أَبِينَا إبْرَاهِيمَ حَنِيفاً مُسْلِماً وَمَا كَانَ مِنَ المُشْرِكِينَ.", ,1,أحمد,أذكار الصباح
13,أذكار الصباح,"سُبْحـانَ اللهِ وَبِحَمْـدِهِ عَدَدَ خَلْـقِه ، وَرِضـا نَفْسِـه ، وَزِنَـةَ عَـرْشِـه ، وَمِـدادَ كَلِمـاتِـه.", ,3,مسلم,أذكار الصباح
14,أذكار الصباح,"اللّهُـمَّ عافِـني في بَدَنـي ، اللّهُـمَّ عافِـني في سَمْـعي ، اللّهُـمَّ عافِـني في بَصَـري ، لا إلهَ إلاّ أَنْـتَ.", ,3,أحمد,أذكار الصباح
15,أذكار الصباح,"اللّهُـمَّ إِنّـي أَعـوذُ بِكَ مِنَ الْكُـفر ، وَالفَـقْر ، وَأَعـوذُ بِكَ مِنْ عَذابِ القَـبْر ، لا إلهَ إلاّ أَنْـتَ.", ,3, ,أذكار الصباح
16,أذكار الصباح,"اللّهُـمَّ إِنِّـي أسْـأَلُـكَ العَـفْوَ وَالعـافِـيةَ في الدُّنْـيا وَالآخِـرَة ، اللّهُـمَّ إِنِّـي أسْـأَلُـكَ العَـفْوَ وَالعـافِـيةَ في ديني وَدُنْـيايَ وَأهْـلي وَمالـي ، اللّهُـمَّ اسْتُـرْ عـوْراتي وَآمِـنْ رَوْعاتـي ، اللّهُـمَّ احْفَظْـني مِن بَـينِ يَدَيَّ وَمِن خَلْفـي وَعَن يَمـيني وَعَن شِمـالي ، وَمِن فَوْقـي ، وَأَعـوذُ بِعَظَمَـتِكَ أَن أُغْـتالَ مِن تَحْتـي.", ,1,أبو داود,أذكار الصباح
17,أذكار الصباح,يَا حَيُّ يَا قيُّومُ بِرَحْمَتِكَ أسْتَغِيثُ أصْلِحْ لِي شَأنِي كُلَّهُ وَلاَ تَكِلْنِي إلَى نَفْسِي طَـرْفَةَ عَيْنٍ., ,3,الترمذي,أذكار الصباح
18,أذكار الصباح,"أَصْبَـحْـنا وَأَصْبَـحْ المُـلكُ للهِ رَبِّ العـالَمـين ، اللّهُـمَّ إِنِّـي أسْـأَلُـكَ خَـيْرَ هـذا الـيَوْم ، فَـتْحَهُ ، وَنَصْـرَهُ ، وَنـورَهُ وَبَـرَكَتَـهُ ، وَهُـداهُ ، وَأَعـوذُ بِـكَ مِـنْ شَـرِّ ما فـيهِ وَشَـرِّ ما بَعْـدَه.", ,1,أبو داود,أذكار الصباح
19,أذكار الصباح,"اللّهُـمَّ عالِـمَ الغَـيْبِ وَالشّـهادَةِ فاطِـرَ السّماواتِ وَالأرْضِ رَبَّ كـلِّ شَـيءٍ وَمَليـكَه ، أَشْهَـدُ أَنْ لا إِلـهَ إِلاّ أَنْت ، أَعـوذُ بِكَ مِن شَـرِّ نَفْسـي وَمِن شَـرِّ الشَّيْـطانِ وَشِرْكِهِ ، وَأَنْ أَقْتَـرِفَ عَلـى نَفْسـي سوءاً أَوْ أَجُـرَّهُ إِلـى مُسْـلِم.", ,1,الترمذي,أذكار الصباح
20,أذكار الصباح,أَعـوذُ بِكَلِمـاتِ اللّهِ التّـامّـاتِ مِنْ شَـرِّ ما خَلَـق., ,3, ,أذكار الصباح
21,أذكار الصباح,اللَّهُمَّ صَلِّ وَسَلِّمْ وَبَارِكْ على نَبِيِّنَا مُحمَّد.,من صلى على حين يصبح وحين يمسى ادركته شفاعتى يوم القيامة.,10,الطبراني,أذكار الصباح
22,أذكار الصباح,"اللَّهُمَّ إِنَّا نَعُوذُ بِكَ مِنْ أَنْ نُشْرِكَ بِكَ شَيْئًا نَعْلَمُهُ ، وَنَسْتَغْفِرُكَ لِمَا لَا نَعْلَمُهُ.", ,3, ,أذكار الصباح
23,أذكار الصباح,"اللَّهُمَّ إِنِّي أَعُوذُ بِكَ مِنْ الْهَمِّ وَالْحَزَنِ، وَأَعُوذُ بِكَ مِنْ الْعَجْزِ وَالْكَسَلِ، وَأَعُوذُ بِكَ مِنْ الْجُبْنِ وَالْبُخْلِ، وَأَعُوذُ بِكَ مِنْ غَلَبَةِ الدَّيْنِ، وَقَهْرِ الرِّجَالِ.", ,3,أبو داود,أذكار الصباح
24,أذكار الصباح,"أسْتَغْفِرُ اللهَ العَظِيمَ الَّذِي لاَ إلَهَ إلاَّ هُوَ، الحَيُّ القَيُّومُ، وَأتُوبُ إلَيهِ.", ,3, ,أذكار الصباح
25,أذكار الصباح,"يَا رَبِّ , لَكَ الْحَمْدُ كَمَا يَنْبَغِي لِجَلَالِ وَجْهِكَ , وَلِعَظِيمِ سُلْطَانِكَ.", ,3, ,أذكار الصباح
26,أذكار الصباح,"اللَّهُمَّ إِنِّي أَسْأَلُكَ عِلْمًا نَافِعًا، وَرِزْقًا طَيِّبًا، وَعَمَلًا مُتَقَبَّلًا.", ,1,ابن ماجة,أذكار الصباح
27,أذكار الصباح,"اللَّهُمَّ أَنْتَ رَبِّي لا إِلَهَ إِلا أَنْتَ ، عَلَيْكَ تَوَكَّلْتُ ، وَأَنْتَ رَبُّ الْعَرْشِ الْعَظِيمِ , مَا شَاءَ اللَّهُ كَانَ ، وَمَا لَمْ يَشَأْ لَمْ يَكُنْ ، وَلا حَوْلَ وَلا قُوَّةَ إِلا بِاللَّهِ الْعَلِيِّ الْعَظِيمِ , أَعْلَمُ أَنَّ اللَّهَ عَلَى كُلِّ شَيْءٍ قَدِيرٌ ، وَأَنَّ اللَّهَ قَدْ أَحَاطَ بِكُلِّ شَيْءٍ عِلْمًا , اللَّهُمَّ إِنِّي أَعُوذُ بِكَ مِنْ شَرِّ نَفْسِي ، وَمِنْ شَرِّ كُلِّ دَابَّةٍ أَنْتَ آخِذٌ بِنَاصِيَتِهَا ، إِنَّ رَبِّي عَلَى صِرَاطٍ مُسْتَقِيمٍ.",ذكر طيب.,1, ,أذكار الصباح
28,أذكار الصباح,"لَا إلَه إلّا اللهُ وَحْدَهُ لَا شَرِيكَ لَهُ، لَهُ الْمُلْكُ وَلَهُ الْحَمْدُ وَهُوَ عَلَى كُلِّ شَيْءِ قَدِيرِ.","من قالها 100 مرة في يوم كانت له عدل عشر رقاب، وكتبت له مئة حسنة، ومحيت عنه مئة سيئة، وكانت له حرزا من الشيطان في يومه ذلك حتى يمسي ولم يأتي أحد بأفضل مما جاء به إلا احد عمل أكثر من ذلك",100,الترمذي,أذكار الصباح
29,أذكار الصباح,سُبْحـانَ اللهِ وَبِحَمْـدِهِ.,حُطَّتْ خَطَايَاهُ وَإِنْ كَانَتْ مِثْلَ زَبَدِ الْبَحْرِ. لَمْ يَأْتِ أَحَدٌ يَوْمَ الْقِيَامَةِ بِأَفْضَلَ مِمَّا جَاءَ بِهِ إِلَّا أَحَدٌ قَالَ مِثْلَ مَا قَالَ أَوْ زَادَ عَلَيْهِ.,100,مسلم,أذكار الصباح
30,أذكار الصباح,أسْتَغْفِرُ اللهَ وَأتُوبُ إلَيْهِ,"مائة حسنة، ومُحيت عنه مائة سيئة، وكانت له حرزاً من الشيطان حتى يمسى.",100,البخاري,أذكار الصباح
31,أذكار المساء,"أَعُوذُ بِاللهِ مِنْ الشَّيْطَانِ الرَّجِيمِ
اللّهُ لاَ إِلَـهَ إِلاَّ هُوَ الْحَيُّ الْقَيُّومُ لاَ تَأْخُذُهُ سِنَةٌ وَلاَ نَوْمٌ لَّهُ مَا فِي السَّمَاوَاتِ وَمَا فِي الأَرْضِ مَن ذَا الَّذِي يَشْفَعُ عِنْدَهُ إِلاَّ بِإِذْنِهِ يَعْلَمُ مَا بَيْنَ أَيْدِيهِمْ وَمَا خَلْفَهُمْ وَلاَ يُحِيطُونَ بِشَيْءٍ مِّنْ عِلْمِهِ إِلاَّ بِمَا شَاء وَسِعَ كُرْسِيُّهُ السَّمَاوَاتِ وَالأَرْضَ وَلاَ يَؤُودُهُ حِفْظُهُمَا وَهُوَ الْعَلِيُّ الْعَظِيمُ.",من قالها حين يصبح أجير من الجن حتى يمسى ومن قالها حين يمسى أجير من الجن حتى يصبح.,1,آية الكرسى - سورة البقرة 255,أذكار المساء
32,أذكار المساء,"أَعُوذُ بِاللهِ مِنْ الشَّيْطَانِ الرَّجِيمِ
آمَنَ الرَّسُولُ بِمَا أُنْزِلَ إِلَيْهِ مِنْ رَبِّهِ وَالْمُؤْمِنُونَ ۚ كُلٌّ آمَنَ بِاللَّهِ وَمَلَائِكَتِهِ وَكُتُبِهِ وَرُسُلِهِ لَا نُفَرِّقُ بَيْنَ أَحَدٍ مِنْ رُسُلِهِ ۚ وَقَالُوا سَمِعْنَا وَأَطَعْنَا ۖ غُفْرَانَكَ رَبَّنَا وَإِلَيْكَ الْمَصِيرُ. لَا يُكَلِّفُ اللَّهُ نَفْسًا إِلَّا وُسْعَهَا لَهَا مَا كَسَبَتْ وَعَلَيْهَا مَا اكْتَسَبَتْ رَبَّنَا لَا تُؤَاخِذْنَا إِنْ نَّسِينَآ أَوْ أَخْطَأْنَا رَبَّنَا وَلَا تَحْمِلْ عَلَيْنَا إِصْرًا كَمَا حَمَلْتَهُ عَلَى الَّذِينَ مِنْ قَبْلِنَا رَبَّنَا وَلَا تُحَمِّلْنَا مَا لَا طَاقَةَ لَنَا بِهِ وَاعْفُ عَنَّا وَاغْفِرْ لَنَا وَارْحَمْنَا أَنْتَ مَوْلَانَا فَانْصُرْنَا عَلَى الْقَوْمِ الْكَافِرِينَ.",من قرأ آيتين من آخر سورة البقرة في ليلة كفتاه.,1,سورة البقرة 285 - 286,أذكار المساء
33,أذكار المساء,"بِسْمِ اللهِ الرَّحْمنِ الرَّحِيم
قُلْ هُوَ ٱللَّهُ أَحَدٌ، ٱللَّهُ ٱلصَّمَدُ، لَمْ يَلِدْ وَلَمْ يُولَدْ، وَلَمْ يَكُن لَّهُۥ كُفُوًا أَحَدٌۢ.",من قالها حين يصبح وحين يمسى كفته من كل شىء (الإخلاص والمعوذتين).,3,سورة الإخلاص,أذكار المساء
34,أذكار المساء,"بِسْمِ اللهِ الرَّحْمنِ الرَّحِيم
قُلْ أَعُوذُ بِرَبِّ ٱلْفَلَقِ، مِن شَرِّ مَا خَلَقَ، وَمِن شَرِّ غَاسِقٍ إِذَا وَقَبَ، وَمِن شَرِّ ٱلنَّفَّٰثَٰتِ فِى ٱلْعُقَدِ، وَمِن شَرِّ حَاسِدٍ إِذَا حَسَدَ.", ,3,سورة الفلق,أذكار المساء
35,أذكار المساء,"بِسْمِ اللهِ الرَّحْمنِ الرَّحِيم
قُلْ أَعُوذُ بِرَبِّ ٱلنَّاسِ، مَلِكِ ٱلنَّاسِ، إِلَٰهِ ٱلنَّاسِ، مِن شَرِّ ٱلْوَسْوَاسِ ٱلْخَنَّاسِ، ٱلَّذِى يُوَسْوِسُ فِى صُدُورِ ٱلنَّاسِ، مِنَ ٱلْجِنَّةِ وَٱلنَّاسِ.", ,3,سورة الناس,أذكار المساء
36,أذكار المساء,"أَمْسَيْـنا وَأَمْسـى المـلكُ لله وَالحَمدُ لله ، لا إلهَ إلاّ اللّهُ وَحدَهُ لا شَريكَ لهُ، لهُ المُـلكُ ولهُ الحَمْـد، وهُوَ على كلّ شَيءٍ قدير ، رَبِّ أسْـأَلُـكَ خَـيرَ ما في هـذهِ اللَّـيْلَةِ وَخَـيرَ ما بَعْـدَهـا ، وَأَعـوذُ بِكَ مِنْ شَـرِّ ما في هـذهِ اللَّـيْلةِ وَشَرِّ ما بَعْـدَهـا ، رَبِّ أَعـوذُبِكَ مِنَ الْكَسَـلِ وَسـوءِ الْكِـبَر ، رَبِّ أَعـوذُ بِكَ مِنْ عَـذابٍ في النّـارِ وَعَـذابٍ في القَـبْر.", ,1,مسلم,أذكار المساء
37,أذكار المساء,"اللّهـمَّ أَنْتَ رَبِّـي لا إلهَ إلاّ أَنْتَ ، خَلَقْتَنـي وَأَنا عَبْـدُك ، وَأَنا عَلـى عَهْـدِكَ وَوَعْـدِكَ ما اسْتَـطَعْـت ، أَعـوذُبِكَ مِنْ شَـرِّ ما صَنَـعْت ، أَبـوءُ لَـكَ بِنِعْـمَتِـكَ عَلَـيَّ وَأَبـوءُ بِذَنْـبي فَاغْفـِرْ لي فَإِنَّـهُ لا يَغْـفِرُ الذُّنـوبَ إِلاّ أَنْتَ .",من قالها موقنا بها حين يمسى ومات من ليلته دخل الجنة وكذلك حين يصبح.,1,البخاري,أذكار المساء
38,أذكار المساء,رَضيـتُ بِاللهِ رَبَّـاً وَبِالإسْلامِ ديـناً وَبِمُحَـمَّدٍ صلى الله عليه وسلم نَبِيّـاً.,من قالها حين يصبح وحين يمسى كان حقا على الله أن يرضيه يوم القيامة.,3,أحمد,أذكار المساء
39,أذكار المساء,"اللّهُـمَّ إِنِّـي أَمسيتُ أُشْـهِدُك ، وَأُشْـهِدُ حَمَلَـةَ عَـرْشِـك ، وَمَلَائِكَتَكَ ، وَجَمـيعَ خَلْـقِك ، أَنَّـكَ أَنْـتَ اللهُ لا إلهَ إلاّ أَنْـتَ وَحْـدَكَ لا شَريكَ لَـك ، وَأَنَّ ُ مُحَمّـداً عَبْـدُكَ وَرَسـولُـك.",من قالها أعتقه الله من النار.,4,أبو داود,أذكار المساء
40,أذكار المساء,"اللّهُـمَّ ما أَمسى بي مِـنْ نِعْـمَةٍ أَو بِأَحَـدٍ مِـنْ خَلْـقِك ، فَمِـنْكَ وَحْـدَكَ لا شريكَ لَـك ، فَلَـكَ الْحَمْـدُ وَلَـكَ الشُّكْـر.",من قالها حين يمسى أدى شكر يومه.,1,أبو داود,أذكار المساء
41,أذكار المساء,حَسْبِـيَ اللّهُ لا إلهَ إلاّ هُوَ عَلَـيهِ تَوَكَّـلتُ وَهُوَ رَبُّ العَرْشِ العَظـيم.,من قالها كفاه الله ما أهمه من أمر الدنيا والأخرة.,7,أبن السني,أذكار المساء
42,أذكار المساء,بِسـمِ اللهِ الذي لا يَضُـرُّ مَعَ اسمِـهِ شَيءٌ في الأرْضِ وَلا في السّمـاءِ وَهـوَ السّمـيعُ العَلـيم.,لم يضره من الله شيء.,3,ابن ماجة,أذكار المساء
43,أذكار المساء,"اللّهُـمَّ بِكَ أَمْسَـينا وَبِكَ أَصْـبَحْنا، وَبِكَ نَحْـيا وَبِكَ نَمُـوتُ وَإِلَـيْكَ الْمَصِيرُ.", ,1,الترمذي,أذكار المساء
44,أذكار المساء,"أَمْسَيْنَا عَلَى فِطْرَةِ الإسْلاَمِ، وَعَلَى كَلِمَةِ الإِخْلاَصِ، وَعَلَى دِينِ نَبِيِّنَا مُحَمَّدٍ صَلَّى اللهُ عَلَيْهِ وَسَلَّمَ، وَعَلَى مِلَّةِ أَبِينَا إبْرَاهِيمَ حَنِيفاً مُسْلِماً وَمَا كَانَ مِنَ المُشْرِكِينَ.", ,1,أحمد,أذكار المساء
45,أذكار المساء,"سُبْحـانَ اللهِ وَبِحَمْـدِهِ عَدَدَ خَلْـقِه ، وَرِضـا نَفْسِـه ، وَزِنَـةَ عَـرْشِـه ، وَمِـدادَ كَلِمـاتِـه.", ,3,مسلم,أذكار المساء
46,أذكار المساء,"اللّهُـمَّ عافِـني في بَدَنـي ، اللّهُـمَّ عافِـني في سَمْـعي ، اللّهُـمَّ عافِـني في بَصَـري ، لا إلهَ إلاّ أَنْـتَ.", ,3,أحمد,أذكار المساء
47,أذكار المساء,"اللّهُـمَّ إِنّـي أَعـوذُ بِكَ مِنَ الْكُـفر ، وَالفَـقْر ، وَأَعـوذُ بِكَ مِنْ عَذابِ القَـبْر ، لا إلهَ إلاّ أَنْـتَ.", ,3, ,أذكار المساء
48,أذكار المساء,"اللّهُـمَّ إِنِّـي أسْـأَلُـكَ العَـفْوَ وَالعـافِـيةَ في الدُّنْـيا وَالآخِـرَة ، اللّهُـمَّ إِنِّـي أسْـأَلُـكَ العَـفْوَ وَالعـافِـيةَ في ديني وَدُنْـيايَ وَأهْـلي وَمالـي ، اللّهُـمَّ اسْتُـرْ عـوْراتي وَآمِـنْ رَوْعاتـي ، اللّهُـمَّ احْفَظْـني مِن بَـينِ يَدَيَّ وَمِن خَلْفـي وَعَن يَمـيني وَعَن شِمـالي ، وَمِن فَوْقـي ، وَأَعـوذُ بِعَظَمَـتِكَ أَن أُغْـتالَ مِن تَحْتـي.", ,1,أبو داود,أذكار المساء
49,أذكار المساء,يَا حَيُّ يَا قيُّومُ بِرَحْمَتِكَ أسْتَغِيثُ أصْلِحْ لِي شَأنِي كُلَّهُ وَلاَ تَكِلْنِي إلَى نَفْسِي طَـرْفَةَ عَيْنٍ., ,3,الترمذي,أذكار المساء
50,أذكار المساء,"أَمْسَيْنا وَأَمْسَى الْمُلْكُ للهِ رَبِّ الْعَالَمَيْنِ، اللَّهُمَّ إِنَّي أسْأَلُكَ خَيْرَ هَذَه اللَّيْلَةِ فَتْحَهَا ونَصْرَهَا، ونُوْرَهَا وبَرَكَتهَا، وَهُدَاهَا، وَأَعُوذُ بِكَ مِنْ شَرِّ مَا فيهِا وَشَرَّ مَا بَعْدَهَا.", ,1,أبو داود,أذكار المساء
51,أذكار المساء,"اللّهُـمَّ عالِـمَ الغَـيْبِ وَالشّـهادَةِ فاطِـرَ السّماواتِ وَالأرْضِ رَبَّ كـلِّ شَـيءٍ وَمَليـكَه ، أَشْهَـدُ أَنْ لا إِلـهَ إِلاّ أَنْت ، أَعـوذُ بِكَ مِن شَـرِّ نَفْسـي وَمِن شَـرِّ الشَّيْـطانِ وَشِرْكِهِ ، وَأَنْ أَقْتَـرِفَ عَلـى نَفْسـي سوءاً أَوْ أَجُـرَّهُ إِلـى مُسْـلِم.", ,1,الترمذي,أذكار المساء
52,أذكار المساء,أَعـوذُ بِكَلِمـاتِ اللّهِ التّـامّـاتِ مِنْ شَـرِّ ما خَلَـق., ,3, ,أذكار المساء
53,أذكار المساء,اللَّهُمَّ صَلِّ وَسَلِّمْ وَبَارِكْ على نَبِيِّنَا مُحمَّد.,من صلى على حين يصبح وحين يمسى ادركته شفاعتى يوم القيامة.,10,الطبراني,أذكار المساء
54,أذكار المساء,"اللَّهُمَّ إِنَّا نَعُوذُ بِكَ مِنْ أَنْ نُشْرِكَ بِكَ شَيْئًا نَعْلَمُهُ ، وَنَسْتَغْفِرُكَ لِمَا لَا نَعْلَمُهُ.", ,3, ,أذكار المساء
55,أذكار المساء,"اللَّهُمَّ إِنِّي أَعُوذُ بِكَ مِنْ الْهَمِّ وَالْحَزَنِ، وَأَعُوذُ بِكَ مِنْ الْعَجْزِ وَالْكَسَلِ، وَأَعُوذُ بِكَ مِنْ الْجُبْنِ وَالْبُخْلِ، وَأَعُوذُ بِكَ مِنْ غَلَبَةِ الدَّيْنِ، وَقَهْرِ الرِّجَالِ.", ,3,أبو داود,أذكار المساء
56,أذكار المساء,"أسْتَغْفِرُ اللهَ العَظِيمَ الَّذِي لاَ إلَهَ إلاَّ هُوَ، الحَيُّ القَيُّومُ، وَأتُوبُ إلَيهِ.", ,3, ,أذكار المساء
57,أذكار المساء,"يَا رَبِّ , لَكَ الْحَمْدُ كَمَا يَنْبَغِي لِجَلَالِ وَجْهِكَ , وَلِعَظِيمِ سُلْطَانِكَ.", ,3, ,أذكار المساء
58,أذكار المساء,"لَا إلَه إلّا اللهُ وَحْدَهُ لَا شَرِيكَ لَهُ، لَهُ الْمُلْكُ وَلَهُ الْحَمْدُ وَهُوَ عَلَى كُلِّ شَيْءِ قَدِيرِ.","كانت له عدل عشر رقاب، وكتبت له مئة حسنة، ومحيت عنه مئة سيئة، وكانت له حرزا من الشيطان.",100,الترمذي,أذكار المساء
59,أذكار المساء,"اللَّهُمَّ أَنْتَ رَبِّي لا إِلَهَ إِلا أَنْتَ ، عَلَيْكَ تَوَكَّلْتُ ، وَأَنْتَ رَبُّ الْعَرْشِ الْعَظِيمِ , مَا شَاءَ اللَّهُ كَانَ ، وَمَا لَمْ يَشَأْ لَمْ يَكُنْ ، وَلا حَوْلَ وَلا قُوَّةَ إِلا بِاللَّهِ الْعَلِيِّ الْعَظِيمِ , أَعْلَمُ أَنَّ اللَّهَ عَلَى كُلِّ شَيْءٍ قَدِيرٌ ، وَأَنَّ اللَّهَ قَدْ أَحَاطَ بِكُلِّ شَيْءٍ عِلْمًا , اللَّهُمَّ إِنِّي أَعُوذُ بِكَ مِنْ شَرِّ نَفْسِي ، وَمِنْ شَرِّ كُلِّ دَابَّةٍ أَنْتَ آخِذٌ بِنَاصِيَتِهَا ، إِنَّ رَبِّي عَلَى صِرَاطٍ مُسْتَقِيمٍ.",ذكر طيب.,1, ,أذكار المساء
60,أذكار المساء,سُبْحـانَ اللهِ وَبِحَمْـدِهِ.,حُطَّتْ خَطَايَاهُ وَإِنْ كَانَتْ مِثْلَ زَبَدِ الْبَحْرِ. لَمْ يَأْتِ أَحَدٌ يَوْمَ الْقِيَامَةِ بِأَفْضَلَ مِمَّا جَاءَ بِهِ إِلَّا أَحَدٌ قَالَ مِثْلَ مَا قَالَ أَوْ زَادَ عَلَيْهِ.,100,مسلم,أذكار المساء
400,سورة الكهف,ٱلۡحَمۡدُ لِلَّهِ ٱلَّذِيٓ أَنزَلَ عَلَىٰ عَبۡدِهِ ٱلۡكِتَٰبَ وَلَمۡ يَجۡعَل لَّهُۥ عِوَجَاۜ ﴿١﴾ قَيِّمٗا لِّيُنذِرَ بَأۡسٗا شَدِيدٗا مِّن لَّدُنۡهُ وَيُبَشِّرَ ٱلۡمُؤۡمِنِينَ ٱلَّذِينَ يَعۡمَلُونَ ٱلصَّٰلِحَٰتِ أَنَّ لَهُمۡ أَجۡرًا حَسَنٗا ﴿٢﴾ مَّٰكِثِينَ فِيهِ أَبَدٗا ﴿٣﴾ وَيُنذِرَ ٱلَّذِينَ قَالُواْ ٱتَّخَذَ ٱللَّهُ وَلَدٗا ﴿٤﴾,110,1,سورة الكهف,سورة الكهف
401,سورة الكهف,مَّا لَهُم بِهِۦ مِنۡ عِلۡمٖ وَلَا لِأٓبَآئِهِمۡۚ كَبُرَتۡ كَلِمَةٗ تَخۡرُجُ مِنۡ أَفۡوَٰهِهِمۡۚ إِن يَقُولُونَ إِلَّا كَذِبٗا ﴿٥﴾ فَلَعَلَّكَ بَٰخِعٞ نَّفۡسَكَ عَلَىٰٓ ءَاثَٰرِهِمۡ إِن لَّمۡ يُؤۡمِنُواْ بِهَٰذَا ٱلۡحَدِيثِ أَسَفًا ﴿٦﴾ إِنَّا جَعَلۡنَا مَا عَلَى ٱلۡأَرۡضِ زِينَةٗ لَّهَا لِنَبۡلُوَهُمۡ أَيُّهُمۡ أَحۡسَنُ عَمَلٗا ﴿٧﴾ وَإِنَّا لَجَٰعِلُونَ مَا عَلَيۡهَا صَعِيدٗا جُرُزًا ﴿٨﴾ أَمۡ حَسِبۡتَ أَنَّ أَصۡحَٰبَ ٱلۡكَهۡفِ وَٱلرَّقِيمِ كَانُواْ مِنۡ ءَايَٰتِنَا عَجَبًا ﴿٩﴾ إِذۡ أَوَى ٱلۡفِتۡيَةُ إِلَى ٱلۡكَهۡفِ فَقَالُواْ رَبَّنَآ ءَاتِنَا مِن لَّدُنكَ رَحۡمَةٗ وَهَيِّئۡ لَنَا مِنۡ أَمۡرِنَا رَشَدٗا ﴿٠١﴾ فَضَرَبۡنَا عَلَىٰٓ ءَاذَانِهِمۡ فِي ٱلۡكَهۡفِ سِنِينَ عَدَدٗا ﴿١١﴾ ثُمَّ بَعَثۡنَٰهُمۡ لِنَعۡلَمَ أَيُّ ٱلۡحِزۡبَيۡنِ أَحۡصَىٰ لِمَا لَبِثُوٓاْ أَمَدٗا ﴿٢١﴾ نَّحۡنُ نَقُصُّ عَلَيۡكَ نَبَأَهُم بِٱلۡحَقِّۚ إِنَّهُمۡ فِتۡيَةٌ ءَامَنُواْ بِرَبِّهِمۡ وَزِدۡنَٰهُمۡ هُدٗى ﴿٣١﴾ وَرَبَطۡنَا عَلَىٰ قُلُوبِهِمۡ إِذۡ قَامُواْ فَقَالُواْ رَبُّنَا رَبُّ ٱلسَّمَٰوَٰتِ وَٱلۡأَرۡضِ لَن نَّدۡعُوَاْ مِن دُونِهِۦٓ إِلَٰهٗاۖ لَّقَدۡ قُلۡنَآ إِذٗا شَطَطًا ﴿٤١﴾ هَٰٓؤُلَآءِ قَوۡمُنَا ٱتَّخَذُواْ مِن دُونِهِۦٓ ءَالِهَةٗۖ لَّوۡلَا يَأۡتُونَ عَلَيۡهِم بِسُلۡطَٰنِۭ بَيِّنٖۖ فَمَنۡ أَظۡلَمُ مِمَّنِ ٱفۡتَرَىٰ عَلَى ٱللَّهِ كَذِبٗا ﴿٥١﴾,110,1,سورة الكهف,سورة الكهف
402,سورة الكهف,وَإِذِ ٱعۡتَزَلۡتُمُوهُمۡ وَمَا يَعۡبُدُونَ إِلَّا ٱللَّهَ فَأۡوُۥٓاْ إِلَى ٱلۡكَهۡفِ يَنشُرۡ لَكُمۡ رَبُّكُم مِّن رَّحۡمَتِهِۦ وَيُهَيِّئۡ لَكُم مِّنۡ أَمۡرِكُم مِّرۡفَقٗا ﴿٦١﴾ ۞وَتَرَى ٱلشَّمۡسَ إِذَا طَلَعَت تَّزَٰوَرُ عَن كَهۡفِهِمۡ ذَاتَ ٱلۡيَمِينِ وَإِذَا غَرَبَت تَّقۡرِضُهُمۡ ذَاتَ ٱلشِّمَالِ وَهُمۡ فِي فَجۡوَةٖ مِّنۡهُۚ ذَٰلِكَ مِنۡ ءَايَٰتِ ٱللَّهِۗ مَن يَهۡدِ ٱللَّهُ فَهُوَ ٱلۡمُهۡتَدِۖ وَمَن يُضۡلِلۡ فَلَن تَجِدَ لَهُۥ وَلِيّٗا مُّرۡشِدٗا ﴿٧١﴾ وَتَحۡسَبُهُمۡ أَيۡقَاظٗا وَهُمۡ رُقُودٞۚ وَنُقَلِّبُهُمۡ ذَاتَ ٱلۡيَمِينِ وَذَاتَ ٱلشِّمَالِۖ وَكَلۡبُهُم بَٰسِطٞ ذِرَاعَيۡهِ بِٱلۡوَصِيدِۚ لَوِ ٱطَّلَعۡتَ عَلَيۡهِمۡ لَوَلَّيۡتَ مِنۡهُمۡ فِرَارٗا وَلَمُلِئۡتَ مِنۡهُمۡ رُعۡبٗا ﴿٨١﴾ وَكَذَٰلِكَ بَعَثۡنَٰهُمۡ لِيَتَسَآءَلُواْ بَيۡنَهُمۡۚ قَالَ قَآئِلٞ مِّنۡهُمۡ كَمۡ لَبِثۡتُمۡۖ قَالُواْ لَبِثۡنَا يَوۡمًا أَوۡ بَعۡضَ يَوۡمٖۚ قَالُواْ رَبُّكُمۡ أَعۡلَمُ بِمَا لَبِثۡتُمۡ فَٱبۡعَثُوٓاْ أَحَدَكُم بِوَرِقِكُمۡ هَٰذِهِۦٓ إِلَى ٱلۡمَدِينَةِ فَلۡيَنظُرۡ أَيُّهَآ أَزۡكَىٰ طَعَامٗا فَلۡيَأۡتِكُم بِرِزۡقٖ مِّنۡهُ وَلۡيَتَلَطَّفۡ وَلَا يُشۡعِرَنَّ بِكُمۡ أَحَدًا ﴿٩١﴾ إِنَّهُمۡ إِن يَظۡهَرُواْ عَلَيۡكُمۡ يَرۡجُمُوكُمۡ أَوۡ يُعِيدُوكُمۡ فِي مِلَّتِهِمۡ وَلَن تُفۡلِحُوٓاْ إِذًا أَبَدٗا ﴿٠٢﴾,110,1,سورة الكهف,سورة الكهف
403,سورة الكهف,وَكَذَٰلِكَ أَعۡثَرۡنَا عَلَيۡهِمۡ لِيَعۡلَمُوٓاْ أَنَّ وَعۡدَ ٱللَّهِ حَقّٞ وَأَنَّ ٱلسَّاعَةَ لَا رَيۡبَ فِيهَآ إِذۡ يَتَنَٰزَعُونَ بَيۡنَهُمۡ أَمۡرَهُمۡۖ فَقَالُواْ ٱبۡنُواْ عَلَيۡهِم بُنۡيَٰنٗاۖ رَّبُّهُمۡ أَعۡلَمُ بِهِمۡۚ قَالَ ٱلَّذِينَ غَلَبُواْ عَلَىٰٓ أَمۡرِهِمۡ لَنَتَّخِذَنَّ عَلَيۡهِم مَّسۡجِدٗا ﴿١٢﴾ سَيَقُولُونَ ثَلَٰثَةٞ رَّابِعُهُمۡ كَلۡبُهُمۡ وَيَقُولُونَ خَمۡسَةٞ سَادِسُهُمۡ كَلۡبُهُمۡ رَجۡمَۢا بِٱلۡغَيۡبِۖ وَيَقُولُونَ سَبۡعَةٞ وَثَامِنُهُمۡ كَلۡبُهُمۡۚ قُل رَّبِّيٓ أَعۡلَمُ بِعِدَّتِهِم مَّا يَعۡلَمُهُمۡ إِلَّا قَلِيلٞۗ فَلَا تُمَارِ فِيهِمۡ إِلَّا مِرَآءٗ ظَٰهِرٗا وَلَا تَسۡتَفۡتِ فِيهِم مِّنۡهُمۡ أَحَدٗا ﴿٢٢﴾ وَلَا تَقُولَنَّ لِشَاْيۡءٍ إِنِّي فَاعِلٞ ذَٰلِكَ غَدًا ﴿٣٢﴾ إِلَّآ أَن يَشَآءَ ٱللَّهُۚ وَٱذۡكُر رَّبَّكَ إِذَا نَسِيتَ وَقُلۡ عَسَىٰٓ أَن يَهۡدِيَنِ رَبِّي لِأَقۡرَبَ مِنۡ هَٰذَا رَشَدٗا ﴿٤٢﴾ وَلَبِثُواْ فِي كَهۡفِهِمۡ ثَلَٰثَ مِاْئَةٖ سِنِينَ وَٱزۡدَادُواْ تِسۡعٗا ﴿٥٢﴾ قُلِ ٱللَّهُ أَعۡلَمُ بِمَا لَبِثُواْۖ لَهُۥ غَيۡبُ ٱلسَّمَٰوَٰتِ وَٱلۡأَرۡضِۖ أَبۡصِرۡ بِهِۦ وَأَسۡمِعۡۚ مَا لَهُم مِّن دُونِهِۦ مِن وَلِيّٖ وَلَا يُشۡرِكُ فِي حُكۡمِهِۦٓ أَحَدٗا ﴿٦٢﴾ وَٱتۡلُ مَآ أُوحِيَ إِلَيۡكَ مِن كِتَابِ رَبِّكَۖ لَا مُبَدِّلَ لِكَلِمَٰتِهِۦ وَلَن تَجِدَ مِن دُونِهِۦ مُلۡتَحَدٗا ﴿٧٢﴾,110,1,سورة الكهف,سورة الكهف
404,سورة الكهف,وَٱصۡبِرۡ نَفۡسَكَ مَعَ ٱلَّذِينَ يَدۡعُونَ رَبَّهُم بِٱلۡغَدَوٰةِ وَٱلۡعَشِيِّ يُرِيدُونَ وَجۡهَهُۥۖ وَلَا تَعۡدُ عَيۡنَاكَ عَنۡهُمۡ تُرِيدُ زِينَةَ ٱلۡحَيَوٰةِ ٱلدُّنۡيَاۖ وَلَا تُطِعۡ مَنۡ أَغۡفَلۡنَا قَلۡبَهُۥ عَن ذِكۡرِنَا وَٱتَّبَعَ هَوَىٰهُ وَكَانَ أَمۡرُهُۥ فُرُطٗا ﴿٨٢﴾ وَقُلِ ٱلۡحَقُّ مِن رَّبِّكُمۡۖ فَمَن شَآءَ فَلۡيُؤۡمِن وَمَن شَآءَ فَلۡيَكۡفُرۡۚ إِنَّآ أَعۡتَدۡنَا لِلظَّٰلِمِينَ نَارًا أَحَاطَ بِهِمۡ سُرَادِقُهَاۚ وَإِن يَسۡتَغِيثُواْ يُغَاثُواْ بِمَآءٖ كَٱلۡمُهۡلِ يَشۡوِي ٱلۡوُجُوهَۚ بِئۡسَ ٱلشَّرَابُ وَسَآءَتۡ مُرۡتَفَقًا ﴿٩٢﴾ إِنَّ ٱلَّذِينَ ءَامَنُواْ وَعَمِلُواْ ٱلصَّٰلِحَٰتِ إِنَّا لَا نُضِيعُ أَجۡرَ مَنۡ أَحۡسَنَ عَمَلًا ﴿٠٣﴾ أُوْلَٰٓئِكَ لَهُمۡ جَنَّٰتُ عَدۡنٖ تَجۡرِي مِن تَحۡتِهِمُ ٱلۡأَنۡهَٰرُ يُحَلَّوۡنَ فِيهَا مِنۡ أَسَاوِرَ مِن ذَهَبٖ وَيَلۡبَسُونَ ثِيَابًا خُضۡرٗا مِّن سُندُسٖ وَإِسۡتَبۡرَقٖ مُّتَّكِـِٔينَ فِيهَا عَلَى ٱلۡأَرَآئِكِۚ نِعۡمَ ٱلثَّوَابُ وَحَسُنَتۡ مُرۡتَفَقٗا ﴿١٣﴾ ۞وَٱضۡرِبۡ لَهُم مَّثَلٗا رَّجُلَيۡنِ جَعَلۡنَا لِأَحَدِهِمَا جَنَّتَيۡنِ مِنۡ أَعۡنَٰبٖ وَحَفَفۡنَٰهُمَا بِنَخۡلٖ وَجَعَلۡنَا بَيۡنَهُمَا زَرۡعٗا ﴿٢٣﴾ كِلۡتَا ٱلۡجَنَّتَيۡنِ ءَاتَتۡ أُكُلَهَا وَلَمۡ تَظۡلِم مِّنۡهُ شَيۡـٔٗاۚ وَفَجَّرۡنَا خِلَٰلَهُمَا نَهَرٗا ﴿٣٣﴾ وَكَانَ لَهُۥ ثَمَرٞ فَقَالَ لِصَٰحِبِهِۦ وَهُوَ يُحَاوِرُهُۥٓ أَنَا۠ أَكۡثَرُ مِنكَ مَالٗا وَأَعَزُّ نَفَرٗا ﴿٤٣﴾,110,1,سورة الكهف,سورة الكهف
405,سورة الكهف,وَدَخَلَ جَنَّتَهُۥ وَهُوَ ظَالِمٞ لِّنَفۡسِهِۦ قَالَ مَآ أَظُنُّ أَن تَبِيدَ هَٰذِهِۦٓ أَبَدٗا ﴿٥٣﴾ وَمَآ أَظُنُّ ٱلسَّاعَةَ قَآئِمَةٗ وَلَئِن رُّدِدتُّ إِلَىٰ رَبِّي لَأَجِدَنَّ خَيۡرٗا مِّنۡهَا مُنقَلَبٗا ﴿٦٣﴾ قَالَ لَهُۥ صَاحِبُهُۥ وَهُوَ يُحَاوِرُهُۥٓ أَكَفَرۡتَ بِٱلَّذِي خَلَقَكَ مِن تُرَابٖ ثُمَّ مِن نُّطۡفَةٖ ثُمَّ سَوَّىٰكَ رَجُلٗا ﴿٧٣﴾ لَّٰكِنَّا۠ هُوَ ٱللَّهُ رَبِّي وَلَآ أُشۡرِكُ بِرَبِّيٓ أَحَدٗا ﴿٨٣﴾ وَلَوۡلَآ إِذۡ دَخَلۡتَ جَنَّتَكَ قُلۡتَ مَا شَآءَ ٱللَّهُ لَا قُوَّةَ إِلَّا بِٱللَّهِۚ إِن تَرَنِ أَنَا۠ أَقَلَّ مِنكَ مَالٗا وَوَلَدٗا ﴿٩٣﴾ فَعَسَىٰ رَبِّيٓ أَن يُؤۡتِيَنِ خَيۡرٗا مِّن جَنَّتِكَ وَيُرۡسِلَ عَلَيۡهَا حُسۡبَانٗا مِّنَ ٱلسَّمَآءِ فَتُصۡبِحَ صَعِيدٗا زَلَقًا ﴿٠٤﴾ أَوۡ يُصۡبِحَ مَآؤُهَا غَوۡرٗا فَلَن تَسۡتَطِيعَ لَهُۥ طَلَبٗا ﴿١٤﴾ وَأُحِيطَ بِثَمَرِهِۦ فَأَصۡبَحَ يُقَلِّبُ كَفَّيۡهِ عَلَىٰ مَآ أَنفَقَ فِيهَا وَهِيَ خَاوِيَةٌ عَلَىٰ عُرُوشِهَا وَيَقُولُ يَٰلَيۡتَنِي لَمۡ أُشۡرِكۡ بِرَبِّيٓ أَحَدٗا ﴿٢٤﴾ وَلَمۡ تَكُن لَّهُۥ فِئَةٞ يَنصُرُونَهُۥ مِن دُونِ ٱللَّهِ وَمَا كَانَ مُنتَصِرًا ﴿٣٤﴾ هُنَالِكَ ٱلۡوَلَٰيَةُ لِلَّهِ ٱلۡحَقِّۚ هُوَ خَيۡرٞ ثَوَابٗا وَخَيۡرٌ عُقۡبٗا ﴿٤٤﴾ وَٱضۡرِبۡ لَهُم مَّثَلَ ٱلۡحَيَوٰةِ ٱلدُّنۡيَا كَمَآءٍ أَنزَلۡنَٰهُ مِنَ ٱلسَّمَآءِ فَٱخۡتَلَطَ بِهِۦ نَبَاتُ ٱلۡأَرۡضِ فَأَصۡبَحَ هَشِيمٗا تَذۡرُوهُ ٱلرِّيَٰحُۗ وَكَانَ ٱللَّهُ عَلَىٰ كُلِّ شَيۡءٖ مُّقۡتَدِرًا ﴿٥٤﴾,110,1,سورة الكهف,سورة الكهف
406,سورة الكهف,ٱلۡمَالُ وَٱلۡبَنُونَ زِينَةُ ٱلۡحَيَوٰةِ ٱلدُّنۡيَاۖ وَٱلۡبَٰقِيَٰتُ ٱلصَّٰلِحَٰتُ خَيۡرٌ عِندَ رَبِّكَ ثَوَابٗا وَخَيۡرٌ أَمَلٗا ﴿٦٤﴾ وَيَوۡمَ نُسَيِّرُ ٱلۡجِبَالَ وَتَرَى ٱلۡأَرۡضَ بَارِزَةٗ وَحَشَرۡنَٰهُمۡ فَلَمۡ نُغَادِرۡ مِنۡهُمۡ أَحَدٗا ﴿٧٤﴾ وَعُرِضُواْ عَلَىٰ رَبِّكَ صَفّٗا لَّقَدۡ جِئۡتُمُونَا كَمَا خَلَقۡنَٰكُمۡ أَوَّلَ مَرَّةِۭۚ بَلۡ زَعَمۡتُمۡ أَلَّن نَّجۡعَلَ لَكُم مَّوۡعِدٗا ﴿٨٤﴾ وَوُضِعَ ٱلۡكِتَٰبُ فَتَرَى ٱلۡمُجۡرِمِينَ مُشۡفِقِينَ مِمَّا فِيهِ وَيَقُولُونَ يَٰوَيۡلَتَنَا مَالِ هَٰذَا ٱلۡكِتَٰبِ لَا يُغَادِرُ صَغِيرَةٗ وَلَا كَبِيرَةً إِلَّآ أَحۡصَىٰهَاۚ وَوَجَدُواْ مَا عَمِلُواْ حَاضِرٗاۗ وَلَا يَظۡلِمُ رَبُّكَ أَحَدٗا ﴿٩٤﴾ وَإِذۡ قُلۡنَا لِلۡمَلَٰٓئِكَةِ ٱسۡجُدُواْ لِأٓدَمَ فَسَجَدُوٓاْ إِلَّآ إِبۡلِيسَ كَانَ مِنَ ٱلۡجِنِّ فَفَسَقَ عَنۡ أَمۡرِ رَبِّهِۦٓۗ أَفَتَتَّخِذُونَهُۥ وَذُرِّيَّتَهُۥٓ أَوۡلِيَآءَ مِن دُونِي وَهُمۡ لَكُمۡ عَدُوُّۢۚ بِئۡسَ لِلظَّٰلِمِينَ بَدَلٗا ﴿٠٥﴾ ۞مَّآ أَشۡهَدتُّهُمۡ خَلۡقَ ٱلسَّمَٰوَٰتِ وَٱلۡأَرۡضِ وَلَا خَلۡقَ أَنفُسِهِمۡ وَمَا كُنتُ مُتَّخِذَ ٱلۡمُضِلِّينَ عَضُدٗا ﴿١٥﴾ وَيَوۡمَ يَقُولُ نَادُواْ شُرَكَآءِيَ ٱلَّذِينَ زَعَمۡتُمۡ فَدَعَوۡهُمۡ فَلَمۡ يَسۡتَجِيبُواْ لَهُمۡ وَجَعَلۡنَا بَيۡنَهُم مَّوۡبِقٗا ﴿٢٥﴾ وَرَءَا ٱلۡمُجۡرِمُونَ ٱلنَّارَ فَظَنُّوٓاْ أَنَّهُم مُّوَاقِعُوهَا وَلَمۡ يَجِدُواْ عَنۡهَا مَصۡرِفٗا ﴿٣٥﴾,110,1,سورة الكهف,سورة الكهف
407,سورة الكهف,وَلَقَدۡ صَرَّفۡنَا فِي هَٰذَا ٱلۡقُرۡءَانِ لِلنَّاسِ مِن كُلِّ مَثَلٖۚ وَكَانَ ٱلۡإِنسَٰنُ أَكۡثَرَ شَيۡءٖ جَدَلٗا ﴿٤٥﴾ وَمَا مَنَعَ ٱلنَّاسَ أَن يُؤۡمِنُوٓاْ إِذۡ جَآءَهُمُ ٱلۡهُدَىٰ وَيَسۡتَغۡفِرُواْ رَبَّهُمۡ إِلَّآ أَن تَأۡتِيَهُمۡ سُنَّةُ ٱلۡأَوَّلِينَ أَوۡ يَأۡتِيَهُمُ ٱلۡعَذَابُ قُبُلٗا ﴿٥٥﴾ وَمَا نُرۡسِلُ ٱلۡمُرۡسَلِينَ إِلَّا مُبَشِّرِينَ وَمُنذِرِينَۚ وَيُجَٰدِلُ ٱلَّذِينَ كَفَرُواْ بِٱلۡبَٰطِلِ لِيُدۡحِضُواْ بِهِ ٱلۡحَقَّۖ وَٱتَّخَذُوٓاْ ءَايَٰتِي وَمَآ أُنذِرُواْ هُزُوٗا ﴿٦٥﴾ وَمَنۡ أَظۡلَمُ مِمَّن ذُكِّرَ بِـَٔايَٰتِ رَبِّهِۦ فَأَعۡرَضَ عَنۡهَا وَنَسِيَ مَا قَدَّمَتۡ يَدَاهُۚ إِنَّا جَعَلۡنَا عَلَىٰ قُلُوبِهِمۡ أَكِنَّةً أَن يَفۡقَهُوهُ وَفِيٓ ءَاذَانِهِمۡ وَقۡرٗاۖ وَإِن تَدۡعُهُمۡ إِلَى ٱلۡهُدَىٰ فَلَن يَهۡتَدُوٓاْ إِذًا أَبَدٗا ﴿٧٥﴾ وَرَبُّكَ ٱلۡغَفُورُ ذُو ٱلرَّحۡمَةِۖ لَوۡ يُؤَاخِذُهُم بِمَا كَسَبُواْ لَعَجَّلَ لَهُمُ ٱلۡعَذَابَۚ بَل لَّهُم مَّوۡعِدٞ لَّن يَجِدُواْ مِن دُونِهِۦ مَوۡئِلٗا ﴿٨٥﴾ وَتِلۡكَ ٱلۡقُرَىٰٓ أَهۡلَكۡنَٰهُمۡ لَمَّا ظَلَمُواْ وَجَعَلۡنَا لِمَهۡلِكِهِم مَّوۡعِدٗا ﴿٩٥﴾ وَإِذۡ قَالَ مُوسَىٰ لِفَتَىٰهُ لَآ أَبۡرَحُ حَتَّىٰٓ أَبۡلُغَ مَجۡمَعَ ٱلۡبَحۡرَيۡنِ أَوۡ أَمۡضِيَ حُقُبٗا ﴿٠٦﴾ فَلَمَّا بَلَغَا مَجۡمَعَ بَيۡنِهِمَا نَسِيَا حُوتَهُمَا فَٱتَّخَذَ سَبِيلَهُۥ فِي ٱلۡبَحۡرِ سَرَبٗا ﴿١٦﴾,110,1,سورة الكهف,سورة الكهف
408,سورة الكهف,فَلَمَّا جَاوَزَا قَالَ لِفَتَىٰهُ ءَاتِنَا غَدَآءَنَا لَقَدۡ لَقِينَا مِن سَفَرِنَا هَٰذَا نَصَبٗا ﴿٢٦﴾ قَالَ أَرَءَيۡتَ إِذۡ أَوَيۡنَآ إِلَى ٱلصَّخۡرَةِ فَإِنِّي نَسِيتُ ٱلۡحُوتَ وَمَآ أَنسَىٰنِيهُ إِلَّا ٱلشَّيۡطَٰنُ أَنۡ أَذۡكُرَهُۥۚ وَٱتَّخَذَ سَبِيلَهُۥ فِي ٱلۡبَحۡرِ عَجَبٗا ﴿٣٦﴾ قَالَ ذَٰلِكَ مَا كُنَّا نَبۡغِۚ فَٱرۡتَدَّا عَلَىٰٓ ءَاثَارِهِمَا قَصَصٗا ﴿٤٦﴾ فَوَجَدَا عَبۡدٗا مِّنۡ عِبَادِنَآ ءَاتَيۡنَٰهُ رَحۡمَةٗ مِّنۡ عِندِنَا وَعَلَّمۡنَٰهُ مِن لَّدُنَّا عِلۡمٗا ﴿٥٦﴾ قَالَ لَهُۥ مُوسَىٰ هَلۡ أَتَّبِعُكَ عَلَىٰٓ أَن تُعَلِّمَنِ مِمَّا عُلِّمۡتَ رُشۡدٗا ﴿٦٦﴾ قَالَ إِنَّكَ لَن تَسۡتَطِيعَ مَعِيَ صَبۡرٗا ﴿٧٦﴾ وَكَيۡفَ تَصۡبِرُ عَلَىٰ مَا لَمۡ تُحِطۡ بِهِۦ خُبۡرٗا ﴿٨٦﴾ قَالَ سَتَجِدُنِيٓ إِن شَآءَ ٱللَّهُ صَابِرٗا وَلَآ أَعۡصِي لَكَ أَمۡرٗا ﴿٩٦﴾ قَالَ فَإِنِ ٱتَّبَعۡتَنِي فَلَا تَسۡـَٔلۡنِي عَن شَيۡءٍ حَتَّىٰٓ أُحۡدِثَ لَكَ مِنۡهُ ذِكۡرٗا ﴿٠٧﴾ فَٱنطَلَقَا حَتَّىٰٓ إِذَا رَكِبَا فِي ٱلسَّفِينَةِ خَرَقَهَاۖ قَالَ أَخَرَقۡتَهَا لِتُغۡرِقَ أَهۡلَهَا لَقَدۡ جِئۡتَ شَيۡـًٔا إِمۡرٗا ﴿١٧﴾ قَالَ أَلَمۡ أَقُلۡ إِنَّكَ لَن تَسۡتَطِيعَ مَعِيَ صَبۡرٗا ﴿٢٧﴾ قَالَ لَا تُؤَاخِذۡنِي بِمَا نَسِيتُ وَلَا تُرۡهِقۡنِي مِنۡ أَمۡرِي عُسۡرٗا ﴿٣٧﴾ فَٱنطَلَقَا حَتَّىٰٓ إِذَا لَقِيَا غُلَٰمٗا فَقَتَلَهُۥ قَالَ أَقَتَلۡتَ نَفۡسٗا زَكِيَّةَۢ بِغَيۡرِ نَفۡسٖ لَّقَدۡ جِئۡتَ شَيۡـٔٗا نُّكۡرٗا ﴿٤٧﴾,110,1,سورة الكهف,سورة الكهف
409,سورة الكهف,۞قَالَ أَلَمۡ أَقُل لَّكَ إِنَّكَ لَن تَسۡتَطِيعَ مَعِيَ صَبۡرٗا ﴿٥٧﴾ قَالَ إِن سَأَلۡتُكَ عَن شَيۡءِۭ بَعۡدَهَا فَلَا تُصَٰحِبۡنِيۖ قَدۡ بَلَغۡتَ مِن لَّدُنِّي عُذۡرٗا ﴿٦٧﴾ فَٱنطَلَقَا حَتَّىٰٓ إِذَآ أَتَيَآ أَهۡلَ قَرۡيَةٍ ٱسۡتَطۡعَمَآ أَهۡلَهَا فَأَبَوۡاْ أَن يُضَيِّفُوهُمَا فَوَجَدَا فِيهَا جِدَارٗا يُرِيدُ أَن يَنقَضَّ فَأَقَامَهُۥۖ قَالَ لَوۡ شِئۡتَ لَتَّخَذۡتَ عَلَيۡهِ أَجۡرٗا ﴿٧٧﴾ قَالَ هَٰذَا فِرَاقُ بَيۡنِي وَبَيۡنِكَۚ سَأُنَبِّئُكَ بِتَأۡوِيلِ مَا لَمۡ تَسۡتَطِع عَّلَيۡهِ صَبۡرًا ﴿٨٧﴾ أَمَّا ٱلسَّفِينَةُ فَكَانَتۡ لِمَسَٰكِينَ يَعۡمَلُونَ فِي ٱلۡبَحۡرِ فَأَرَدتُّ أَنۡ أَعِيبَهَا وَكَانَ وَرَآءَهُم مَّلِكٞ يَأۡخُذُ كُلَّ سَفِينَةٍ غَصۡبٗا ﴿٩٧﴾ وَأَمَّا ٱلۡغُلَٰمُ فَكَانَ أَبَوَاهُ مُؤۡمِنَيۡنِ فَخَشِينَآ أَن يُرۡهِقَهُمَا طُغۡيَٰنٗا وَكُفۡرٗا ﴿٠٨﴾ فَأَرَدۡنَآ أَن يُبۡدِلَهُمَا رَبُّهُمَا خَيۡرٗا مِّنۡهُ زَكَوٰةٗ وَأَقۡرَبَ رُحۡمٗا ﴿١٨﴾ وَأَمَّا ٱلۡجِدَارُ فَكَانَ لِغُلَٰمَيۡنِ يَتِيمَيۡنِ فِي ٱلۡمَدِينَةِ وَكَانَ تَحۡتَهُۥ كَنزٞ لَّهُمَا وَكَانَ أَبُوهُمَا صَٰلِحٗا فَأَرَادَ رَبُّكَ أَن يَبۡلُغَآ أَشُدَّهُمَا وَيَسۡتَخۡرِجَا كَنزَهُمَا رَحۡمَةٗ مِّن رَّبِّكَۚ وَمَا فَعَلۡتُهُۥ عَنۡ أَمۡرِيۚ ذَٰلِكَ تَأۡوِيلُ مَا لَمۡ تَسۡطِع عَّلَيۡهِ صَبۡرٗا ﴿٢٨﴾ وَيَسۡـَٔلُونَكَ عَن ذِي ٱلۡقَرۡنَيۡنِۖ قُلۡ سَأَتۡلُواْ عَلَيۡكُم مِّنۡهُ ذِكۡرًا ﴿٣٨﴾,110,1,سورة الكهف,سورة الكهف
410,سورة الكهف,إِنَّا مَكَّنَّا لَهُۥ فِي ٱلۡأَرۡضِ وَءَاتَيۡنَٰهُ مِن كُلِّ شَيۡءٖ سَبَبٗا ﴿٤٨﴾ فَأَتۡبَعَ سَبَبًا ﴿٥٨﴾ حَتَّىٰٓ إِذَا بَلَغَ مَغۡرِبَ ٱلشَّمۡسِ وَجَدَهَا تَغۡرُبُ فِي عَيۡنٍ حَمِئَةٖ وَوَجَدَ عِندَهَا قَوۡمٗاۖ قُلۡنَا يَٰذَا ٱلۡقَرۡنَيۡنِ إِمَّآ أَن تُعَذِّبَ وَإِمَّآ أَن تَتَّخِذَ فِيهِمۡ حُسۡنٗا ﴿٦٨﴾ قَالَ أَمَّا مَن ظَلَمَ فَسَوۡفَ نُعَذِّبُهُۥ ثُمَّ يُرَدُّ إِلَىٰ رَبِّهِۦ فَيُعَذِّبُهُۥ عَذَابٗا نُّكۡرٗا ﴿٧٨﴾ وَأَمَّا مَنۡ ءَامَنَ وَعَمِلَ صَٰلِحٗا فَلَهُۥ جَزَآءً ٱلۡحُسۡنَىٰۖ وَسَنَقُولُ لَهُۥ مِنۡ أَمۡرِنَا يُسۡرٗا ﴿٨٨﴾ ثُمَّ أَتۡبَعَ سَبَبًا ﴿٩٨﴾ حَتَّىٰٓ إِذَا بَلَغَ مَطۡلِعَ ٱلشَّمۡسِ وَجَدَهَا تَطۡلُعُ عَلَىٰ قَوۡمٖ لَّمۡ نَجۡعَل لَّهُم مِّن دُونِهَا سِتۡرٗا ﴿٠٩﴾ كَذَٰلِكَۖ وَقَدۡ أَحَطۡنَا بِمَا لَدَيۡهِ خُبۡرٗا ﴿١٩﴾ ثُمَّ أَتۡبَعَ سَبَبًا ﴿٢٩﴾ حَتَّىٰٓ إِذَا بَلَغَ بَيۡنَ ٱلسَّدَّيۡنِ وَجَدَ مِن دُونِهِمَا قَوۡمٗا لَّا يَكَادُونَ يَفۡقَهُونَ قَوۡلٗا ﴿٣٩﴾ قَالُواْ يَٰذَا ٱلۡقَرۡنَيۡنِ إِنَّ يَأۡجُوجَ وَمَأۡجُوجَ مُفۡسِدُونَ فِي ٱلۡأَرۡضِ فَهَلۡ نَجۡعَلُ لَكَ خَرۡجًا عَلَىٰٓ أَن تَجۡعَلَ بَيۡنَنَا وَبَيۡنَهُمۡ سَدّٗا ﴿٤٩﴾ قَالَ مَا مَكَّنِّي فِيهِ رَبِّي خَيۡرٞ فَأَعِينُونِي بِقُوَّةٍ أَجۡعَلۡ بَيۡنَكُمۡ وَبَيۡنَهُمۡ رَدۡمًا ﴿٥٩﴾ ءَاتُونِي زُبَرَ ٱلۡحَدِيدِۖ حَتَّىٰٓ إِذَا سَاوَىٰ بَيۡنَ ٱلصَّدَفَيۡنِ قَالَ ٱنفُخُواْۖ حَتَّىٰٓ إِذَا جَعَلَهُۥ نَارٗا قَالَ ءَاتُونِيٓ أُفۡرِغۡ عَلَيۡهِ قِطۡرٗا ﴿٦٩﴾ فَمَا ٱسۡطَٰعُوٓاْ أَن يَظۡهَرُوهُ وَمَا ٱسۡتَطَٰعُواْ لَهُۥ نَقۡبٗا ﴿٧٩﴾,110,1,سورة الكهف,سورة الكهف
411,سورة الكهف,قَالَ هَٰذَا رَحۡمَةٞ مِّن رَّبِّيۖ فَإِذَا جَآءَ وَعۡدُ رَبِّي جَعَلَهُۥ دَكَّآءَۖ وَكَانَ وَعۡدُ رَبِّي حَقّٗا ﴿٨٩﴾ ۞وَتَرَكۡنَا بَعۡضَهُمۡ يَوۡمَئِذٖ يَمُوجُ فِي بَعۡضٖۖ وَنُفِخَ فِي ٱلصُّورِ فَجَمَعۡنَٰهُمۡ جَمۡعٗا ﴿٩٩﴾ وَعَرَضۡنَا جَهَنَّمَ يَوۡمَئِذٖ لِّلۡكَٰفِرِينَ عَرۡضًا ﴿٠٠١﴾ ٱلَّذِينَ كَانَتۡ أَعۡيُنُهُمۡ فِي غِطَآءٍ عَن ذِكۡرِي وَكَانُواْ لَا يَسۡتَطِيعُونَ سَمۡعًا ﴿١٠١﴾ أَفَحَسِبَ ٱلَّذِينَ كَفَرُوٓاْ أَن يَتَّخِذُواْ عِبَادِي مِن دُونِيٓ أَوۡلِيَآءَۚ إِنَّآ أَعۡتَدۡنَا جَهَنَّمَ لِلۡكَٰفِرِينَ نُزُلٗا ﴿٢٠١﴾ قُلۡ هَلۡ نُنَبِّئُكُم بِٱلۡأَخۡسَرِينَ أَعۡمَٰلًا ﴿٣٠١﴾ ٱلَّذِينَ ضَلَّ سَعۡيُهُمۡ فِي ٱلۡحَيَوٰةِ ٱلدُّنۡيَا وَهُمۡ يَحۡسَبُونَ أَنَّهُمۡ يُحۡسِنُونَ صُنۡعًا ﴿٤٠١﴾ أُوْلَٰٓئِكَ ٱلَّذِينَ كَفَرُواْ بِـَٔايَٰتِ رَبِّهِمۡ وَلِقَآئِهِۦ فَحَبِطَتۡ أَعۡمَٰلُهُمۡ فَلَا نُقِيمُ لَهُمۡ يَوۡمَ ٱلۡقِيَٰمَةِ وَزۡنٗا ﴿٥٠١﴾ ذَٰلِكَ جَزَآؤُهُمۡ جَهَنَّمُ بِمَا كَفَرُواْ وَٱتَّخَذُوٓاْ ءَايَٰتِي وَرُسُلِي هُزُوًا ﴿٦٠١﴾ إِنَّ ٱلَّذِينَ ءَامَنُواْ وَعَمِلُواْ ٱلصَّٰلِحَٰتِ كَانَتۡ لَهُمۡ جَنَّٰتُ ٱلۡفِرۡدَوۡسِ نُزُلًا ﴿٧٠١﴾ خَٰلِدِينَ فِيهَا لَا يَبۡغُونَ عَنۡهَا حِوَلٗا ﴿٨٠١﴾ قُل لَّوۡ كَانَ ٱلۡبَحۡرُ مِدَادٗا لِّكَلِمَٰتِ رَبِّي لَنَفِدَ ٱلۡبَحۡرُ قَبۡلَ أَن تَنفَدَ كَلِمَٰتُ رَبِّي وَلَوۡ جِئۡنَا بِمِثۡلِهِۦ مَدَدٗا ﴿٩٠١﴾ قُلۡ إِنَّمَآ أَنَا۠ بَشَرٞ مِّثۡلُكُمۡ يُوحَىٰٓ إِلَيَّ أَنَّمَآ إِلَٰهُكُمۡ إِلَٰهٞ وَٰحِدٞۖ فَمَن كَانَ يَرۡجُواْ لِقَآءَ رَبِّهِۦ فَلۡيَعۡمَلۡ عَمَلٗا صَٰلِحٗا وَلَا يُشۡرِكۡ بِعِبَادَةِ رَبِّهِۦٓ أَحَدَۢا ﴿٠١١﴾,110,1,سورة الكهف,سورة الكهف
398,سورة الملك,"بِسْمِ اللَّـهِ الرَّحْمَـٰنِ الرَّحِيمِ
تَبَٰرَكَ ٱلَّذِي بِيَدِهِ ٱلۡمُلۡكُ وَهُوَ عَلَىٰ كُلِّ شَيۡءٖ قَدِيرٌ ﴿١﴾ٱلَّذِي خَلَقَ ٱلۡمَوۡتَ وَٱلۡحَيَوٰةَ لِيَبۡلُوَكُمۡ أَيُّكُمۡ أَحۡسَنُ عَمَلٗاۚ وَهُوَ ٱلۡعَزِيزُ ٱلۡغَفُورُ ﴿٢﴾ ٱلَّذِي خَلَقَ سَبۡعَ سَمَٰوَٰتٖ طِبَاقٗاۖ مَّا تَرَىٰ فِي خَلۡقِ ٱلرَّحۡمَٰنِ مِن تَفَٰوُتٖۖ فَٱرۡجِعِ ٱلۡبَصَرَ هَلۡ تَرَىٰ مِن فُطُورٖ ﴿٣﴾ ثُمَّ ٱرۡجِعِ ٱلۡبَصَرَ كَرَّتَيۡنِ يَنقَلِبۡ إِلَيۡكَ ٱلۡبَصَرُ خَاسِئٗا وَهُوَ حَسِيرٞ ﴿٤﴾ وَلَقَدۡ زَيَّنَّا ٱلسَّمَآءَ ٱلدُّنۡيَا بِمَصَٰبِيحَ وَجَعَلۡنَٰهَا رُجُومٗا لِّلشَّيَٰطِينِۖ وَأَعۡتَدۡنَا لَهُمۡ عَذَابَ ٱلسَّعِيرِ ﴿٥﴾ وَلِلَّذِينَ كَفَرُواْ بِرَبِّهِمۡ عَذَابُ جَهَنَّمَۖ وَبِئۡسَ ٱلۡمَصِيرُ ﴿٦﴾ إِذَآ أُلۡقُواْ فِيهَا سَمِعُواْ لَهَا شَهِيقٗا وَهِيَ تَفُورُ ﴿٧﴾ تَكَادُ تَمَيَّزُ مِنَ ٱلۡغَيۡظِۖ كُلَّمَآ أُلۡقِيَ فِيهَا فَوۡجٞ سَأَلَهُمۡ خَزَنَتُهَآ أَلَمۡ يَأۡتِكُمۡ نَذِيرٞ ﴿٨﴾ قَالُواْ بَلَىٰ قَدۡ جَآءَنَا نَذِيرٞ فَكَذَّبۡنَا وَقُلۡنَا مَا نَزَّلَ ٱللَّهُ مِن شَيۡءٍ إِنۡ أَنتُمۡ إِلَّا فِي ضَلَٰلٖ كَبِيرٖ ﴿٩﴾ وَقَالُواْ لَوۡ كُنَّا نَسۡمَعُ أَوۡ نَعۡقِلُ مَا كُنَّا فِيٓ أَصۡحَٰبِ ٱلسَّعِيرِ ﴿٠١﴾ فَٱعۡتَرَفُواْ بِذَنۢبِهِمۡ فَسُحۡقٗا لِّأَصۡحَٰبِ ٱلسَّعِيرِ ﴿١١﴾ إِنَّ ٱلَّذِينَ يَخۡشَوۡنَ رَبَّهُم بِٱلۡغَيۡبِ لَهُم مَّغۡفِرَةٞ وَأَجۡرٞ كَبِيرٞ ﴿٢١﴾",22,1,سورة الملك,سورة الملك
399,سورة الملك,وَأَسِرُّواْ قَوۡلَكُمۡ أَوِ ٱجۡهَرُواْ بِهِۦٓۖ إِنَّهُۥ عَلِيمُۢ بِذَاتِ ٱلصُّدُورِ ﴿٣١﴾ أَلَا يَعۡلَمُ مَنۡ خَلَقَ وَهُوَ ٱللَّطِيفُ ٱلۡخَبِيرُ ﴿٤١﴾ هُوَ ٱلَّذِي جَعَلَ لَكُمُ ٱلۡأَرۡضَ ذَلُولٗا فَٱمۡشُواْ فِي مَنَاكِبِهَا وَكُلُواْ مِن رِّزۡقِهِۦۖ وَإِلَيۡهِ ٱلنُّشُورُ ﴿٥١﴾ ءَأَمِنتُم مَّن فِي ٱلسَّمَآءِ أَن يَخۡسِفَ بِكُمُ ٱلۡأَرۡضَ فَإِذَا هِيَ تَمُورُ ﴿٦١﴾ أَمۡ أَمِنتُم مَّن فِي ٱلسَّمَآءِ أَن يُرۡسِلَ عَلَيۡكُمۡ حَاصِبٗاۖ فَسَتَعۡلَمُونَ كَيۡفَ نَذِيرِ ﴿٧١﴾ وَلَقَدۡ كَذَّبَ ٱلَّذِينَ مِن قَبۡلِهِمۡ فَكَيۡفَ كَانَ نَكِيرِ ﴿٨١﴾ أَوَلَمۡ يَرَوۡاْ إِلَى ٱلطَّيۡرِ فَوۡقَهُمۡ صَٰٓفَّٰتٖ وَيَقۡبِضۡنَۚ مَا يُمۡسِكُهُنَّ إِلَّا ٱلرَّحۡمَٰنُۚ إِنَّهُۥ بِكُلِّ شَيۡءِۭ بَصِيرٌ ﴿٩١﴾ أَمَّنۡ هَٰذَا ٱلَّذِي هُوَ جُندٞ لَّكُمۡ يَنصُرُكُم مِّن دُونِ ٱلرَّحۡمَٰنِۚ إِنِ ٱلۡكَٰفِرُونَ إِلَّا فِي غُرُورٍ ﴿٠٢﴾ أَمَّنۡ هَٰذَا ٱلَّذِي يَرۡزُقُكُمۡ إِنۡ أَمۡسَكَ رِزۡقَهُۥۚ بَل لَّجُّواْ فِي عُتُوّٖ وَنُفُورٍ ﴿١٢﴾ أَفَمَن يَمۡشِي مُكِبًّا عَلَىٰ وَجۡهِهِۦٓ أَهۡدَىٰٓ أَمَّن يَمۡشِي سَوِيًّا عَلَىٰ صِرَٰطٖ مُّسۡتَقِيمٖ ﴿٢٢﴾ قُلۡ هُوَ ٱلَّذِيٓ أَنشَأَكُمۡ وَجَعَلَ لَكُمُ ٱلسَّمۡعَ وَٱلۡأَبۡصَٰرَ وَٱلۡأَفۡـِٔدَةَۚ قَلِيلٗا مَّا تَشۡكُرُونَ ﴿٣٢﴾ قُلۡ هُوَ ٱلَّذِي ذَرَأَكُمۡ فِي ٱلۡأَرۡضِ وَإِلَيۡهِ تُحۡشَرُونَ ﴿٤٢﴾ وَيَقُولُونَ مَتَىٰ هَٰذَا ٱلۡوَعۡدُ إِن كُنتُمۡ صَٰدِقِينَ ﴿٥٢﴾ قُلۡ إِنَّمَا ٱلۡعِلۡمُ عِندَ ٱللَّهِ وَإِنَّمَآ أَنَا۠ نَذِيرٞ مُّبِينٞ ﴿٦٢﴾,22,1,سورة الملك,سورة الملك
400,سورة الملك,فَلَمَّا رَأَوۡهُ زُلۡفَةٗ سِيٓـَٔتۡ وُجُوهُ ٱلَّذِينَ كَفَرُواْ وَقِيلَ هَٰذَا ٱلَّذِي كُنتُم بِهِۦ تَدَّعُونَ ﴿٧٢﴾ قُلۡ أَرَءَيۡتُمۡ إِنۡ أَهۡلَكَنِيَ ٱللَّهُ وَمَن مَّعِيَ أَوۡ رَحِمَنَا فَمَن يُجِيرُ ٱلۡكَٰفِرِينَ مِنۡ عَذَابٍ أَلِيمٖ ﴿٨٢﴾ قُلۡ هُوَ ٱلرَّحۡمَٰنُ ءَامَنَّا بِهِۦ وَعَلَيۡهِ تَوَكَّلۡنَاۖ فَسَتَعۡلَمُونَ مَنۡ هُوَ فِي ضَلَٰلٖ مُّبِينٖ ﴿٩٢﴾ قُلۡ أَرَءَيۡتُمۡ إِنۡ أَصۡبَحَ مَآؤُكُمۡ غَوۡرٗا فَمَن يَأۡتِيكُم بِمَآءٖ مَّعِينِۭ ﴿٠٣﴾,22,1,سورة الملك,سورة الملك
72,الذكر قبل الوضوء,(بِسْمِ اللَّهِ)., ,1, ,الذكر قبل الوضوء
73,الذكر بعد الفراغ من الوضوء,(أَشْهَدُ أَنْ لاَ إِلَهَ إِلاَّ اللَّهُ وَحْدَهُ لاَ شَرِيكَ لَهُ وَأَشْهَدُ أَنَّ مُحَمَّداً عَبْدُهُ وَرَسُولُهُ..)., ,1, ,الذكر بعد الفراغ من الوضوء
74,الذكر بعد الفراغ من الوضوء,(اللَّهُمَّ اجْعَلْنِي مِنَ التَّوَّابِينَ وَاجْعَلْنِي مِنَ الْمُتَطَهِّرِينَ), ,1, ,الذكر بعد الفراغ من الوضوء
75,الذكر بعد الفراغ من الوضوء,"(سُبْحانَكَ اللَّهُمَّ وَبِحَمْدِكَ، أَشْهَدُ أَنْ لاَ إِلَهَ إِلاَّ أَنْتَ، أَسْتَغْفِرُكَ وَأَتوبُ إِلَيْكَ).", ,1, ,الذكر بعد الفراغ من الوضوء
87,دعاء الاستفتاح,"((اللَّهُمَّ بَاعِدْ بَيْنِي وَبَيْنَ خَطَايَايَ كَمَا بَاعَدْتَ بَيْنَ الْمَشْرِقِ وَالْمَغْرِبِ، اللَّهُمَّ نَقِّنِي مِنْ خَطَايَايَ كَمَا يُنَقَّى الثَّوْبُ الْأَبْيَضُ مِنَ الدَّنَسِ، اللَّهُمَّ اغْسِلْني مِنْ خَطَايَايَ، بِالثَّلْجِ وَالْماءِ وَالْبَرَدِ)).", ,1, ,دعاء الاستفتاح - الصلاة الصلاه
88,دعاء الاستفتاح,"((سُبْحانَكَ اللَّهُمَّ وَبِحَمْدِكَ، وَتَبارَكَ اسْمُكَ، وَتَعَالَى جَدُّكَ، وَلاَ إِلَهَ غَيْرُكَ)).", ,1, ,دعاء الاستفتاح - الصلاة الصلاه
89,دعاء الاستفتاح,"((وَجَّهْتُ وَجْهِيَ لِلَّذِي فَطَرَ السَّمَوَاتِ وَالأَرْضَ حَنِيفَاً وَمَا أَنَا مِنَ الْمُشْرِكِينَ، إِنَّ صَلاَتِي، وَنُسُكِي، وَمَحْيَايَ، وَمَمَاتِي لِلَّهِ رَبِّ الْعَالَمِينَ، لاَ شَرِيكَ لَهُ وَبِذَلِكَ أُمِرْتُ وَأَنَا مِنَ الْمُسْلِمِينَ. اللَّهُمَّ أَنْتَ المَلِكُ لاَ إِلَهَ إِلاَّ أَنْتَ، أَنْتَ رَبِّي وَأَنَا عَبْدُكَ، ظَلَمْتُ نَفْسِي وَاعْتَرَفْتُ بِذَنْبِي فَاغْفِرْ لِي ذُنُوبي جَمِيعَاً إِنَّهُ لاَ يَغْفِرُ الذُّنوبَ إِلاَّ أَنْتَ. وَاهْدِنِي لِأَحْسَنِ الأَخْلاقِ لاَ يَهْدِي لِأَحْسَنِها إِلاَّ أَنْتَ، وَاصْرِفْ عَنِّي سَيِّئَهَا، لاَ يَصْرِفُ عَنِّي سَيِّئَهَا إِلاَّ أَنْتَ، لَبَّيْكَ وَسَعْدَيْكَ، وَالخَيْرُ كُلُّهُ بِيَـــــــدَيْكَ، وَالشَّـــــرُّ لَيْسَ إِلَيْــــــكَ، أَنَا بِكَ وَإِلَيْكَ، تَبارَكْتَ وَتَعَالَيْتَ، أَسْتَغْفِرُكَ وَأَتوبُ إِلَيْكَ)).", ,1, ,دعاء الاستفتاح - الصلاة الصلاه
90,دعاء الاستفتاح,"((اللَّهُمَّ رَبَّ جِبْرَائِيلَ، وَمِيْكَائِيلَ، وَإِسْرَافِيلَ، فَاطِرَ السَّمَوَاتِ وَالأَرْضِ، عَالِمَ الغَيْبِ وَالشَّهَادَةِ أَنْتَ تَحْكُمُ بَيْنَ عِبَادِكَ فِيمَا كَانُوا فِيهِ يَخْتَلِفُونَ. اهْدِنِي لِمَا اخْتُلِفَ فِيهِ مِنَ الْحَقِّ بِإِذْنِكَ إِنَّكَ تَهْدِي مَنْ تَشَاءُ إِلَى صِرَاطٍ مُسْتَقيمٍ)).", ,1, ,دعاء الاستفتاح - الصلاة الصلاه
91,دعاء الاستفتاح,"((اللَّهُ أَكْبَرُ كَبِيرَاً، اللَّهُ أَكْبَرُ كَبِيراً، اللَّهُ أَكْبَرُ كَبِيراً، وَالْحَمْدُ لِلَّهِ كَثيراً، وَالْحَمْدُ لِلَّهِ كَثيراً، وَالْحَمْدُ لِلَّهِ كَثيراً، وَسُبْحَانَ اللَّهِ بُكْرَةً وَأَصِيلاً)) ثَلاثاً ((أَعُوذُ بِاللَّهِ مِنَ الشَّيْطَانِ: مِنْ نَفْخِهِ، وَنَفْثِهِ، وَهَمْزِهِ)).", ,1, ,دعاء الاستفتاح - الصلاة الصلاه
92,دعاء الاستفتاح,"((اللَّهُمَّ لَكَ الْحَمْدُ، أَنْتَ نُورُ السَّمَوَاتِ وَالأَرْضِ وَمَنْ فِيهِنَّ، وَلَكَ الْحَمْدُ أَنْتَ قَيِّمُ السَّمَوَاتِ وَالأَرْضِ وَمَنْ فِيهِنَّ، [وَلَكَ الْحَمْدُ أَنْتَ رَبُّ السَّمَواتِ وَالأَرْضِ وَمَنْ فِيهِنَّ] [وَلَكَ الْحَمْدُ لَكَ مُلْكُ السَّمَوَاتِ وَالأَرْضِ وَمَنْ فِيهِنَّ] [وَلَكَ الْحَمْدُ أَنْتَ مَلِكُ السَّمَوَاتِ وَالأَرْضِ] [وَلَكَ الْحَمْدُ] [أَنْتَ الْحَقُّ، وَوَعْدُكَ الْحَقُّ، وَقَوْلُكَ الْحَقُّ، وَلِقاؤُكَ الْحَقُّ، وَالْجَنَّةُ حَقٌّ، وَالنَّارُ حَقٌّ، وَالنَّبِيُّونَ حَقٌّ، وَمحَمَّدٌ صلى الله عليه وسلم حَقٌّ، وَالسّاعَةُ حَقٌّ] [اللَّهُمَّ لَكَ أَسْلَمتُ، وَعَلَيْكَ تَوَكَّلْتُ، وَبِكَ آمَنْتُ، وَإِلَيْكَ أَنَبْتُ، وَبِكَ خاصَمْتُ، وَإِلَيْكَ حاكَمْتُ. فَاغْفِرْ لِي مَا قَدَّمْتُ، وَمَا أَخَّرْتُ، وَمَا أَسْرَرْتُ، وَمَا أَعْلَنْتُ] [وَمَا أَنْتَ أَعْلَمُ بِهِ مِنِّي] [أَنْتَ المُقَدِّمُ، وَأَنْتَ المُؤَخِّرُ لاَ إِلَهَ إِلاَّ أَنْتَ] [أَنْتَ إِلَهِي لاَ إِلَهَ إِلاَّ أَنْتَ] [وَلاَ حَوْلَ وَلاَ قُوَّةَ إِلاَّ بِاللَّهِ])).", ,1, ,دعاء الاستفتاح - الصلاة الصلاه
126,الأذكار بعد السلام من الصلاة,"((أَسْتَغْفِرُ اللَّهَ (ثَلاَثَاً) اللَّهُمَّ أَنْتَ السَّلاَمُ، وَمِنْكَ السَّلاَمُ، تَبَارَكْتَ يَا ذَا الْجَلاَلِ وَالْإِكْرَامِ)).", ,1, ,الأذكار بعد السلام من الصلاة
127,الأذكار بعد السلام من الصلاة,"((لاَ إِلَهَ إِلاَّ اللَّهُ وَحْدَهُ لاَ شَرِيكَ لَهُ، لَهُ الْمُلْكُ وَلَهُ الْحَمْدُ وَهُوَ عَلَى كُلِّ شَيْءٍ قَدِيرٌ [ثلاثاً]، اللَّهُمَّ لاَ مَانِعَ لِمَا أَعْطَيْتَ، وَلاَ مُعْطِيَ لِمَا مَنَعْتَ، وَلاَ يَنْفَعُ ذَا الْجَدِّ مِنْكَ الجَدُّ)).", ,1, ,الأذكار بعد السلام من الصلاة
128,الأذكار بعد السلام من الصلاة,"((لَا إِلَهَ إِلاَّ اللَّهُ وَحْدَهُ لاَ شَرِيكَ لَهُ، لَهُ الْمُلْكُ، وَلَهُ الْحَمدُ، وَهُوَ عَلَى كُلِّ شَيْءٍ قَدِيرٌ. لاَ حَوْلَ وَلاَ قُوَّةَ إِلاَّ بِاللَّهِ، لاَ إِلَهَ إِلاَّ اللَّهُ، وَلاَ نَعْبُدُ إِلاَّ إِيَّاهُ, لَهُ النِّعْمَةُ وَلَهُ الْفَضْلُ وَلَهُ الثَّنَاءُ الْحَسَنُ، لَا إِلَهَ إِلاَّ اللَّهُ مُخْلِصِينَ لَهُ الدِّينَ وَلَوْ كَرِهَ الكَافِرُونَ)).", ,1, ,الأذكار بعد السلام من الصلاة
129,الأذكار بعد السلام من الصلاة,"((سُبْحَانَ اللَّهِ، وَالْحَمْدُ لِلَّهِ، وَاللَّهُ أَكْبَرُ (ثلاثاً وثلاثين) لاَ إِلَهَ إِلاَّ اللَّهُ وَحْدَهُ لاَ شَرِيكَ لَهُ، لَهُ الْمُلْكُ وَلَهُ الْحَمْدُ وَهُوَ عَلَى كُلِّ شَيْءٍ قَدِيرٌ)).", ,1, ,الأذكار بعد السلام من الصلاة
130,الأذكار بعد السلام من الصلاة,"بسم الله الرحمن الرحيم ﴿قُلْ هُوَ اللَّهُ أَحَدٌ* اللَّهُ الصَّمَدُ* لَمْ يَلِدْ وَلَمْ يُولَدْ* وَلَمْ يَكُن لَّهُ كُفُواً أَحَدٌ﴾، بسم الله الرحمن الرحيم ﴿قُلْ أَعُوذُ بِرَبِّ الْفَلَقِ* مِن شَرِّ مَا خَلَقَ* وَمِن شَرِّ غَاسِقٍ إِذَا وَقَبَ* وَمِن شَرِّ النَّفَّاثَاتِ فِي الْعُقَدِ* وَمِن شَرِّ حَاسِدٍ إِذَا حَسَدَ﴾،بسم الله الرحمن الرحيم ﴿قُلْ أَعُوذُ بِرَبِّ النَّاسِ* مَلِكِ النَّاسِ* إِلَهِ النَّاسِ* مِن شَرِّ الْوَسْوَاسِ الْخَنَّاسِ* الَّذِي يُوَسْوِسُ فِي صُدُورِ النَّاسِ* مِنَ الْجِنَّةِ وَ النَّاسِ﴾ بَعْدَ كُلِّ صَلاَةٍ.", ,1, ,الأذكار بعد السلام من الصلاة
131,الأذكار بعد السلام من الصلاة,﴿اللَّهُ لاَ إِلَهَ إِلاَّ هُوَ الْحَيُّ الْقَيُّومُ لاَ تَأْخُذُهُ سِنَةٌ وَلاَ نَوْمٌ لَّهُ مَا فِي السَّمَوَاتِ وَمَا فِي الأَرْضِ مَن ذَا الَّذِي يَشْفَعُ عِنْدَهُ إِلاَّ بِإِذْنِهِ يَعْلَمُ مَا بَيْنَ أَيْدِيهِمْ وَمَا خَلْفَهُمْ وَلاَ يُحِيطُونَ بِشَيْءٍ مِّنْ عِلْمِهِ إِلاَّ بِمَا شَاءَ وَسِعَ كُرْسِيُّهُ السَّمَوَاتِ وَالأَرْضَ وَلاَ يَؤُودُهُ حِفْظُهُمَا وَهُوَ الْعَلِيُّ الْعَظِيمُ﴾ عَقِبَ كلِّ صَلاَةٍ., ,1,آية الكرسى - سورة البقرة 255,الأذكار بعد السلام من الصلاة
132,الأذكار بعد السلام من الصلاة,"((لاَ إِلَهَ إِلاَّ اللَّهُ وَحْدَهُ لاَ شَرِيكَ لَهُ، لَهُ الْمُلْكُ وَلَهُ الْحَمْدُ يُحْيِي وَيُمِيتُ وَهُوَ عَلَى كُلِّ شَيْءٍ قَدِيرٌ)) عَشْرَ مَرّاتٍ بَعْدَ صَلاةِ الْمَغْرِبِ وَالصُّبْحِ.", ,1, ,الأذكار بعد السلام من الصلاة
133,الأذكار بعد السلام من الصلاة,"((اللَّهُمَّ إِنِّي أَسْأَلُكَ عِلْماً نافِعاً، وَرِزْقاً طَيِّباً، وَعَمَلاً مُتَقَبَّلاً)) بَعْدَ السّلامِ مِنْ صَلاَةِ الفَجْرِ.", ,1, ,الأذكار بعد السلام من الصلاة
61,أذكار الاستيقاظ من النوم,"( الْحَمْدُ للَّهِ الَّذِي أَحْيَانَا بَعْدَ مَا أَمَاتَنَا، وَإِلَيْهِ النُّشُورُ )", ,1, ,أذكار الاستيقاظ من النوم
62,أذكار الاستيقاظ من النوم,"( لاَ إِلَهَ إِلاَّ اللَّهُ وَحْدَهُ لاَ شَريكَ لَهُ، لَهُ الْمُلْكُ وَلَهُ الْحَمْدُ، وَهُوَ عَلَى كُلِّ شَيْءٍ قَدِيرٌ، سُبْحَانَ اللَّهِ، وَالْحَمْدُ للَّهِ، وَلاَ إِلَهَ إِلاَّ اللَّهُ، وَاللَّهُ أَكبَرُ، وَلاَ حَوْلَ وَلاَ قُوَّةَ إِلاَّ بِاللَّهِ الْعَلِيِّ الْعَظِيمِ، رَبِّ اغْفرْ لِي ).", ,1, ,أذكار الاستيقاظ من النوم
63,أذكار الاستيقاظ من النوم,"( الْحَمْدُ لِلَّهِ الَّذِي عَافَانِي فِي جَسَدِي، وَرَدَّ عَلَيَّ رُوحِي، وَأَذِنَ لي بِذِكْرِهِ )", ,1, ,أذكار الاستيقاظ من النوم
64,أذكار الاستيقاظ من النوم,﴿ إِنَّ فِي خَلْقِ السَّمَوَاتِ وَالأَرْضِ وَاخْتِلاَفِ اللَّيْلِ وَالنَّهَارِ لَآيَاتٍ لأُوْلِي الألْبَابِ * الَّذِينَ يَذْكُرُونَ اللَّهَ قِيَاماً وَقُعُوداً وَعَلَىَ جُنُوبِهِمْ وَيَتَفَكَّرُونَ فِي خَلْقِ السَّمَوَاتِ وَالأَرْضِ رَبَّنَا مَا خَلَقْتَ هَذا بَاطِلاً سُبْحَانَكَ فَقِنَا عَذَابَ النَّارِ* رَبَّنَا إِنَّكَ مَن تُدْخِلِ النَّارَ فَقَدْ أَخْزَيْتَهُ وَمَا لِلظَّالِمِينَ مِنْ أَنصَارٍ* رَّبَّنَا إِنَّنَا سَمِعْنَا مُنَادِياً يُنَادِي لِلإِيمَانِ أَنْ آمِنُواْ بِرَبِّكُمْ فَآمَنَّا رَبَّنَا فَاغْفِرْ لَنَا ذُنُوبَنَا وَكَفِّرْ عَنَّا سَيِّئَاتِنَا وَتَوَفَّنَا مَعَ الأبْرَارِ* رَبَّنَا وَآتِنَا مَا وَعَدتَّنَا عَلَى رُسُلِكَ وَلاَ تُخْزِنَا يَوْمَ الْقِيَامَةِ إِنَّكَ لاَ تُخْلِفُ الْمِيعَادَ* فَاسْتَجَابَ لَهُمْ رَبُّهُمْ أَنِّي لاَ أُضِيعُ عَمَلَ عَامِلٍ مِّنكُم مِّن ذَكَرٍ أَوْ أُنثَى بَعْضُكُم مِّن بَعْضٍ فَالَّذِينَ هَاجَرُواْ وَأُخْرِجُواْ مِن دِيَارِهِمْ وَأُوذُواْ فِي سَبِيلِي وَقَاتَلُواْ وَقُتِلُواْ لأُكَفِّرَنَّ عَنْهُمْ سَيِّئَاتِهِمْ وَلأُدْخِلَنَّهُمْ جَنَّاتٍ تَجْرِي مِن تَحْتِهَا الأَنْهَارُ ثَوَاباً مِّن عِندِ اللَّهِ وَاللَّهُ عِندَهُ حُسْنُ الثَّوَابِ * لاَ يَغُرَّنَّكَ تَقَلُّبُ الَّذِينَ كَفَرُواْ فِي الْبِلاَدِ * مَتَاعٌ قَلِيلٌ ثُمَّ مَأْوَاهُمْ جَهَنَّمُ وَبِئْسَ الْمِهَادُ * لَكِنِ الَّذِينَ اتَّقَوْاْ رَبَّهُمْ لَهُمْ جَنَّاتٌ تَجْرِي مِنْ تَحْتِهَا الأَنْهَارُ خَالِدِينَ فِيهَا نُزُلاً مِّنْ عِندِ اللَّهِ وَمَا عِندَ اللَّهِ خَيْرٌ لِّلأَبْرَارِ * وَإِنَّ مِنْ أَهْلِ الْكِتَابِ لَمَن يُؤْمِنُ بِاللَّهِ وَمَا أُنزِلَ إِلَيْكُمْ وَمَآ أُنزِلَ إِلَيْهِمْ خَاشِعِينَ لِلَّهِ لاَ يَشْتَرُونَ بِآيَاتِ اللَّهِ ثَمَناً قَلِيلاً أُوْلَئِكَ لَهُمْ أَجْرُهُمْ عِندَ رَبِّهِمْ إِنَّ اللَّهَ سَرِيعُ الْحِسَابِ*يَا أَيُّهَا الَّذِينَ آمَنُواْ اصْبِرُواْ وَصَابِرُواْ وَرَابِطُواْ وَاتَّقُواْ اللَّهَ لَعَلَّكُمْ تُفْلِحُونَ ﴾, ,1, ,أذكار الاستيقاظ من النوم
284,الاستغفار و التوبة,قَالَ رَسُولُ اللَّهِ صلى الله عليه وسلم: ((وَاللَّهِ إِنِّي لأَسْتَغفِرُ اللَّهَ وَأَتُوبُ إِلَيْهِ فِي الْيَوْمِ أَكْثَرَ مِنْ سَبْعِينَ مَرَّةٍ))., ,1,البخاري,الاستغفار و التوبة
285,الاستغفار و التوبة,وَقَالَ صلى الله عليه وسلم: ((يَا أَيُّهَا النَّاسُ تُوبُوا إِلَى اللَّهِ فَإِنِّي أَتُوبُ فِي الْيَوْمِ إِلَيْهِ مِائَةَ مَرَّةٍ))., ,1,مسلم,الاستغفار و التوبة
286,الاستغفار و التوبة,"وَقَالَ صلى الله عليه وسلم: ((مَنْ قَالَ أَسْتَغْفِرُ اللَّهَ الْعَظيمَ الَّذِي لاَ إِلَهَ إِلاَّ هُوَ الْحَيُّ القَيّوُمُ وَأَتُوبُ إِلَيهِ، غَفَرَ اللَّهُ لَهُ وَإِنْ كَانَ فَرَّ مِنَ الزَّحْفِ)).", ,1,الترمذي,الاستغفار و التوبة
287,الاستغفار و التوبة,وَقَالَ صلى الله عليه وسلم: ((أَقْرَبُ مَا يَكُونُ الرَّبُّ مِنَ الْعَبْدِ فِي جَوْفِ اللَّيْلِ الآخِرِ فَإِنِ اسْتَطَعْتَ أَنْ تَكُونَ مِمَّنْ يَذْكُرُ اللَّهَ فِي تِلْكَ السَّاعَةِ فَكُنْ))., ,1,الترمذي,الاستغفار و التوبة
288,الاستغفار و التوبة,وَقَالَ صلى الله عليه وسلم: ((أَقْرَبُ مَا يَكُونُ الْعَبْدُ مِنْ رَبِّهِ وَهُوَ سَاجِدٌ فَأَكثِرُوا الدُّعَاءَ))., ,1,مسلم,الاستغفار و التوبة
289,الاستغفار و التوبة,وَقَالَ صلى الله عليه وسلم: ((إِنَّهُ لَيُغَانُ عَلَى قَلْبِي وَإِنِّي لأَسْتَغْفِرُ اللَّهَ فِي الْيَوْمِ مِائَةَ مَرَّةٍ))., ,1,مسلم,الاستغفار و التوبة
135,أذكار النوم,((يَجْمَعُ كَفَّيْهِ ثُمَّ يَنْفُثُ فِيهِمَا فَيَقْرَأُ فِيهِمَا:بسم الله الرحمن الرحيم ﴿قُلْ هُوَ اللَّهُ أَحَدٌ * اللَّهُ الصَّمَدُ* لَمْ يَلِدْ وَلَمْ يُولَدْ* وَلَمْ يَكُن لَّهُ كُفُواً أَحَدٌ﴾.  بسم الله الرحمن الرحيم ﴿قُلْ أَعُوذُ بِرَبِّ الْفَلَقِ* مِن شَرِّ مَا خَلَقَ* وَمِن شَرِّ غَاسِقٍ إِذَا وَقَبَ* وَمِن شَرِّ النَّفَّاثَاتِ فِي الْعُقَدِ* وَمِن شَرِّ حَاسِدٍ إِذَا حَسَدَ﴾.  بسم الله الرحمن الرحيم ﴿قُلْ أَعُوذُ بِرَبِّ النَّاسِ* مَلِكِ النَّاسِ* إِلَهِ النَّاسِ* مِن شَرِّ الْوَسْوَاسِ الْخَنَّاسِ* الَّذِي يُوَسْوِسُ فِي صُدُورِ النَّاسِ* مِنَ الْجِنَّةِ وَ النَّاسِ﴾ ثُمَّ يَمْسَحُ بِهِمَا مَا اسْتَطَاعَ مِنْ جَسَدِهِ يَبْدَأُ بِهِمَا عَلَى رَأْسِهِ وَوَجْهِهِ وَمَا أَقبَلَ مِنْ جَسَدِهِ)) (يفعلُ ذلك ثلاثَ مرَّاتٍ)., ,1, ,أذكار النوم
136,أذكار النوم,﴿اللَّهُ لاَ إِلَهَ إِلاَّ هُوَ الْحَيُّ الْقَيُّومُ لاَ تَأْخُذُهُ سِنَةٌ وَلاَ نَوْمٌ لَّهُ مَا فِي السَّمَوَاتِ وَمَا فِي الأَرْضِ مَن ذَا الَّذِي يَشْفَعُ عِنْـــــــــــدَهُ إِلاَّ بِإِذْنِهِ يَعْلَمُ مَا بَيْنَ أَيْدِيهِمْ وَمَا خَلْفَهُمْ وَلاَ يُحِيطُونَ بِشَيْءٍ مِّنْ عِلْمِهِ إِلاَّ بِمَا شَاء وَسِعَ كُرْسِيُّهُ السَّمَوَاتِ وَالأَرْضَ وَلاَ يَؤُودُهُ حِفْظُهُمَا وَهُوَ الْعَلِيُّ الْعَظِيمُ﴾., ,1,آية الكرسى - سورة البقرة 255,أذكار النوم
137,أذكار النوم,"أَعُوذُ بِاللهِ مِنْ الشَّيْطَانِ الرَّجِيمِ
آمَنَ الرَّسُولُ بِمَا أُنْزِلَ إِلَيْهِ مِنْ رَبِّهِ وَالْمُؤْمِنُونَ ۚ كُلٌّ آمَنَ بِاللَّهِ وَمَلَائِكَتِهِ وَكُتُبِهِ وَرُسُلِهِ لَا نُفَرِّقُ بَيْنَ أَحَدٍ مِنْ رُسُلِهِ ۚ وَقَالُوا سَمِعْنَا وَأَطَعْنَا ۖ غُفْرَانَكَ رَبَّنَا وَإِلَيْكَ الْمَصِيرُ. لَا يُكَلِّفُ اللَّهُ نَفْسًا إِلَّا وُسْعَهَا لَهَا مَا كَسَبَتْ وَعَلَيْهَا مَا اكْتَسَبَتْ رَبَّنَا لَا تُؤَاخِذْنَا إِنْ نَّسِينَآ أَوْ أَخْطَأْنَا رَبَّنَا وَلَا تَحْمِلْ عَلَيْنَا إِصْرًا كَمَا حَمَلْتَهُ عَلَى الَّذِينَ مِنْ قَبْلِنَا رَبَّنَا وَلَا تُحَمِّلْنَا مَا لَا طَاقَةَ لَنَا بِهِ وَاعْفُ عَنَّا وَاغْفِرْ لَنَا وَارْحَمْنَا أَنْتَ مَوْلَانَا فَانْصُرْنَا عَلَى الْقَوْمِ الْكَافِرِينَ.",من قرأ آيتين من آخر سورة البقرة في ليلة كفتاه.,1,سورة البقرة 285 - 286,أذكار النوم
138,أذكار النوم,"((بِاسْمِكَ رَبِّي وَضَعْتُ جَنْبِي، وَبِكَ أَرْفَعُهُ، فَإِن أَمْسَكْتَ نَفْسِي فارْحَمْهَا، وَإِنْ أَرْسَلْتَهَا فَاحْفَظْهَا، بِمَا تَحْفَظُ بِهِ عِبَادَكَ الصَّالِحِينَ)).", ,1, ,أذكار النوم
139,أذكار النوم,"((اللَّهُمَّ إِنَّكَ خَلَقْتَ نَفْسِي وَأَنْتَ تَوَفَّاهَا، لَكَ مَمَاتُهَا وَمَحْياهَا، إِنْ أَحْيَيْتَهَا فَاحْفَظْهَا، وَإِنْ أَمَتَّهَا فَاغْفِرْ لَهَا. اللَّهُمَّ إِنِّي أَسْأَلُكَ العَافِيَةَ)).", ,1, ,أذكار النوم
140,أذكار النوم,((اللَّهُمَّ قِنِي عَذَابَكَ يَوْمَ تَبْعَثُ عِبَادَكَ))., ,1, ,أذكار النوم
141,أذكار النوم,((بِاسْمِكَ اللَّهُمَّ أَمُوتُ وَأَحْيَا))., ,1, ,أذكار النوم
142,أذكار النوم,((سُبْحَانَ اللَّهِ (ثلاثاً وثلاثين) وَالْحَمْدُ لِلَّهِ (ثلاثاً وثلاثين) وَاللَّهُ أَكْبَرُ (أربعاً وثلاثينَ)))., ,1, ,أذكار النوم
143,أذكار النوم,"((اللَّهُمَّ رَبَّ السَّمَوَاتِ السَّبْعِ وَرَبَّ الأَرْضِ، وَرَبَّ الْعَرْشِ الْعَظِيمِ، رَبَّنَا وَرَبَّ كُلِّ شَيْءٍ، فَالِقَ الْحَبِّ وَالنَّوَى، وَمُنْزِلَ التَّوْرَاةِ وَالْإِنْجِيلِ، وَالْفُرْقَانِ، أَعُوذُ بِكَ مِنْ شَرِّ كُلِّ شَيْءٍ أَنْتَ آخِذٌ بِنَاصِيَتِهِ. اللَّهُمَّ أَنْتَ الأَوَّلُ فَلَيْسَ قَبْلَكَ شَيْءٌ، وَأَنْتَ الآخِرُ فَلَيسَ بَعْدَكَ شَيْءٌ، وَأَنْتَ الظَّاهِرُ فَلَيْسَ فَوْقَكَ شَيْءٌ، وَأَنْتَ الْبَاطِنُ فَلَيْسَ دُونَكَ شَيْءٌ، اقْضِ عَنَّا الدَّيْنَ وَأَغْنِنَا مِنَ الْفَقْرِ)).", ,1, ,أذكار النوم
144,أذكار النوم,"((الْحَمْدُ لِلَّهِ الَّذِي أَطْعَمَنَا وَسَقَانَا، وَكَفَانَا، وَآوَانَا، فَكَمْ مِمَّنْ لاَ كَافِيَ لَهُ وَلاَ مُؤْوِيَ)).", ,1, ,أذكار النوم
145,أذكار النوم,"((اللَّهُمَّ عَالِمَ الغَيْبِ وَالشَّهَادَةِ فَاطِرَ السَّمَوَاتِ وَالْأَرْضِ، رَبَّ كُلِّ شَيْءٍ وَمَلِيكَهُ، أَشْهَدُ أَنْ لاَ إِلَهَ إِلاَّ أَنْتَ، أَعُوذُ بِكَ مِنْ شَرِّ نَفْسِي، وَمِنْ شَرِّ الشَّيْطانِ وَشِرْكِهِ، وَأَنْ أَقْتَرِفَ عَلَى نَفْسِي سُوءاً، أَوْ أَجُرَّهُ إِلَى مُسْلِمٍ)).", ,1, ,أذكار النوم
146,أذكار النوم,"((يَقْرَأُ ﴿الم﴾ تَنْزِيلَ السَّجْدَة ِ،  وَتَبَارَكَ الَّذي بِيَدِهِ الْمُلْكُ)).", ,1, ,أذكار النوم
147,أذكار النوم,"((اللَّهُمَّ أَسْلَمْتُ نَفْسِي إِلَيْكَ، وَفَوَّضْتُ أَمْرِي إِلَيْكَ، وَوَجَّهْتُ وَجْهِي إِلَيْكَ، وَأَلْجَأْتُ ظَهْرِي إِلَيْكَ، رَغْبَةً وَرَهْبَةً إِلَيْكَ، لاَ مَلْجَأَ وَلاَ مَنْجَا مِنْكَ إِلاَّ إِلَيْكَ، آمَنْتُ بِكِتَابِكَ الَّذِي أَنْزَلْتَ، وَبِنَبِيِّكَ الَّذِي أَرْسَلْتَ)).", ,1, ,أذكار النوم
78,الذكر عند دخول المنزل,"(بِسْمِ اللَّهِ وَلَجْنَا، وَبِسْمِ اللَّهِ خَرَجْنَا، وَعَلَى اللَّهِ رَبِّنَا تَوَكَّلْنَا، ثُمَّ لِيُسَلِّمْ عَلَى أَهْلِهِ).", ,1, ,الذكر عند دخول المنزل - البيت الشقة السكن
76,الذكر عند الخروج من المنزل,"(بِسْمِ اللَّهِ، تَوَكَّلْتُ عَلَى اللَّهِ، وَلَاَ حَوْلَ وَلَا قُوَّةَ إِلاَّ بِاللَّهِ).", ,1, ,الذكر عند الخروج من المنزل - البيت الشقة السكن
77,الذكر عند الخروج من المنزل,"(اللَّهُمَّ إِنِّي أَعُوذُ بِكَ أَنْ أَضِلَّ، أَوْ أُضَلَّ، أَوْ أَزِلَّ، أَوْ أُزَلَّ، أَوْ أَظْلِمَ، أَوْ أُظْلَمَ، أَوْ أَجْهَلَ، أَوْ يُجْهَلَ عَلَيَّ).", ,1, ,الذكر عند الخروج من المنزل - البيت الشقة السكن
156,دعاء الهم والحزن,"((اللَّهُمَّ إِنِّي عَبْدُكَ، ابْنُ عَبْدِكَ، ابْنُ أَمَتِكَ، نَاصِيَتِي بِيَدِكَ، مَاضٍ فِيَّ حُكْمُكَ، عَدْلٌ فِيَّ قَضَاؤُكَ، أَسْأَلُكَ بِكُــــلِّ اسْمٍ هُوَ لَكَ، سَمَّيْتَ بِهِ نَفْسَكَ، أَوْ أَنْزَلْتَهُ فِي كِتَابِكَ، أَوْ عَلَّمْتَهُ أَحَداً مِنْ خَلْقِكَ، أَوِ اسْتَأْثَرْتَ بِهِ فِي عِلْمِ الغَيْبِ عِنْدَكَ، أَنْ تَجْعَلَ القُرْآنَ رَبِيعَ قَلْبِي، وَنُورَ صَدْرِي، وَجَلاَءَ حُزْنِي، وَذَهَابَ هَمِّي)).", ,1, ,دعاء الهم والحزن
157,دعاء الهم والحزن,"((اللَّهُمَّ إِنِّي أَعُوذُ بِكَ مِنَ الْهَمِّ وَالْحَزَنِ، وَالْعَجْزِ وَالْكَسَلِ، وَالْبُخْلِ وَالْجُبْنِ، وَضَلَعِ الدَّيْنِ وَغَلَبَةِ الرِّجَالِ)).", ,1, ,دعاء الهم والحزن
158,دعاء الكرب,"((لاَ إِلَهَ إِلاَّ اللَّهُ الْعَظِيمُ الْحَلِيمُ، لاَ إِلَهَ إِلاَّ اللَّهُ رَبُّ الْعَرْشِ الْعَظِيمِ، لاَ إِلَهَ إِلاَّ اللَّهُ رَبُّ السَّمَوَاتِ وَرَبُّ الْأَرْضِ وَرَبُّ الْعَرْشِ الْكَرِيمِ)).", ,1, ,دعاء الكرب
159,دعاء الكرب,"((اللَّهُمَّ رَحْمَتَكَ أَرْجُو، فَلاَ تَكِلْنِي إِلَى نَفْسِي طَرْفَةَ عَيْنٍ، وَأَصْلِحْ لِي شَأْنِي كُلَّهُ، لاَ إِلَهَ إِلاَّ أَنْتَ)).", ,1, ,دعاء الكرب
160,دعاء الكرب,((لاَ إِلَهَ إِلاَّ أَنْتَ سُبْحَانَكَ إِنِّي كُنْتُ مِنَ الظّالِمِينَ))., ,1, ,دعاء الكرب
161,دعاء الكرب,((اللَّهُ اللَّهُ رَبِّي لاَ أُشْرِكُ بِهِ شَيْئاً))., ,1, ,دعاء الكرب
175,دعاء من استصعب عليه أمر,"((اللَّهُمَّ لاَ سَهْلَ إِلاَّ مَا جَعَلْتَهُ سَهْلاً، وَأَنْتَ تَجْعَلُ الْحَزْنَ إِذَا شِئْتَ سَهْلاً)).", ,1, ,دعاء من استصعب عليه أمر
174,دعاء الوسوسة في الصلاة و القراءة,"((أَعُوذُ بِاللَّهِ مِنَ الشَّيطَانِ الرَّجِيمِ، وَاتْفُلْ عَلَى يَسَارِكَ (ثلاثاً))).", ,1, ,دعاء الوسوسة في الصلاة و القراءة - الشيطان الصلاة
177,دعاء طرد الشيطان و وساوسه,((الْاسْتِعَاذَةُ بِاللَّهِ مِنْهُ))., ,1, ,دعاء طرد الشيطان و وساوسه
178,دعاء طرد الشيطان و وساوسه,((الْأَذَانُ))., ,1, ,دعاء طرد الشيطان و وساوسه
179,دعاء طرد الشيطان و وساوسه,((الْأَذْكَارُ وَقِرَاءَةُ الْقُرْآنِ))., ,1, ,دعاء طرد الشيطان و وساوسه
190,دعاء من أصيب بمصيبة,"((إِنَّا لِلَّهِ وَإِنَّا إِلَيْهِ رَاجِعُونَ، اللَّهُمَّ أْجُرْنِي فِي مُصِيبَتِي، وَأَخْلِفْ لِي خَيْرَاً مِنْهَا)).", ,1, ,دعاء من أصيب بمصيبة
134,دعاء صلاة الاستخارة,"قَالَ جَابرُ بْنُ عَبْدِ اللَّهِ رَضِيَ اللَّهُ عَنْهُمَا: كَانَ رسُولُ اللَّهِ صلى الله عليه وسلم يُعَلِّمُنَا الْاسْتِخَارَةَ فِي الْأُمُورِ كُلِّهَا كَمَا يُعَلِّمُنَا السُّورَةَ مِنَ الْقُرْآنِ، يَقُولُ: ((إِذَا هَمَّ أَحَدُكُمْ بِالْأَمْرِ فَلْيَرْكَعْ رَكْعَتَيْنِ مِنْ غَيْرِ الْفَرِيضَةِ، ثُمَّ لْيَقُلْ: اللَّهُمَّ إِنِّي أَسْتَخِيرُكَ بِعِلْمِكَ، وَأَسْتَقْدِرُكَ بِقُدْرَتِكَ، وَأَسْأَلُكَ مِنْ فَضْلِكَ العَظِيمِ؛ فَإِنَّكَ تَقْدِرُ وَلاَ أَقْدِرُ، وَتَعْلَمُ وَلاَ أَعْلَمُ، وَأَنْتَ عَلاَّمُ الغُيُوبِ، اللَّهُمَّ إِنْ كُنْتَ تَعْلَمُ أَنَّ هَذَا الأمْرَ - وَيُسَمِّي حَاجَتَهُ - خَيْرٌ لِي فِي دِينِي وَمَعَاشِي وَعَاقِبَةِ أَمْرِي – أَوْ قَالَ: عَاجِلِهِ وَآجِلِهِ - فَاقْدُرْهُ لِي وَيَسِّرْهُ لِي ثمَّ بَارِكْ لِي فِيهِ، وَإِنْ كُنْتَ تَعْلَمُ أَنَّ هَذَا الْأَمْرَ شَرٌّ لِي فِي دِينِي وَمَعَاشِي وَعَاقِبَةِ أَمْرِي – أَوْ قَالَ: عَاجِلِهِ وَآجِلِهِ – فَاصْرِفْهُ عَنِّي وَاصْرِفْنِي عَنْهُ وَاقْدُرْ لِيَ الْخَيْرَ حَيْثُ كَانَ، ثُمَّ أَرْضِنِي بِهِ)).وَمَا نَدِمَ مَنِ اسْتَخَارَ الْخَالِقَ، وَشَاوَرَ الْمَخْلُوقِينَ الْمُؤْمِنِينَ وَتَثَبَّتَ فِي أَمْرِهِ، فَقَدْ قَالَ اللَّه تعالى: ﴿وَشاوِرْهُمْ فِي الْأَمْرِ فَإِذَا عَزَمْتَ فَتَوَكَّلْ عَلَى اللَّهِ﴾ .", ,1, ,دعاء صلاة الاستخارة - الاستخارة الإستخارة
212,الدعاء عند إفطار الصائم,"((ذَهَبَ الظَّمَأُ وَابْتَلَّتِ العُرُوقُ، وَثَبَتَ الْأَجْرُ إِنْ شَاءَ اللَّهُ)).", ,1, ,الدعاء عند إفطار الصائم - الصيام الصوم الأكل الاكل
213,الدعاء عند إفطار الصائم,((اللَّهُمَّ إِنِّي أَسْأَلُكَ بِرَحْمَتِكَ الَّتِي وَسِعَتْ كُلَّ شَيْءٍ أَنْ تَغْفِرَ لِي))., ,1, ,الدعاء عند إفطار الصائم - الصيام الصوم الأكل الاكل
273,الدعاء يوم عرفة,"قَالَ النَّبِيُّ صلى الله عليه وسلم: ((خَيْرُ الدُّعَاءِ دُعَاءُ يَوْمِ عَرَفَةَ، وَخَيْرُ مَا قُلْتُ أَنَا وَالنَّبيُّونَ مِنْ قَبْلِي: لاَ إِلَهَ إِلاَّ اللَّهُ وَحْدَهُ لاَ شَرِيكَ لَهُ، لَهُ الْمُلْكُ وَلَهُ الْحَمْدُ وَهُوَ عَلَى كُلِّ شَيْءٍ قَدِيرٌ)).", ,1, ,الدعاء يوم عرفة
304,الرُّقية الشرعية من القرآن الكريم,"بِسْمِ اللَّهِ الرَّحْمَنِ الرَّحِيمِ ﴿1﴾ الْحَمْدُ لِلَّهِ رَبِّ الْعَالَمِينَ ﴿2﴾ الرَّحْمَنِ 
الرَّحِيمِ ﴿3﴾ مَالِكِ يَوْمِ الدِّينِ ﴿4﴾ إِيَّاكَ نَعْبُدُ وَإِيَّاكَ 
نَسْتَعِينُ ﴿5﴾ اهْدِنَا الصِّرَاطَ الْمُسْتَقِيمَ ﴿6﴾ صِرَاطَ الَّذِينَ 
أَنْعَمْتَ عَلَيْهِمْ غَيْرِ الْمَغْضُوبِ عَلَيْهِمْ وَلَا الضَّالِّينَ ﴿7﴾.", ,1, ,الرُّقية الشرعية من القرآن الكريم
305,الرُّقية الشرعية من القرآن الكريم,"الم ﴿1﴾ ذَلِكَ الْكِتَابُ لَا رَيْبَ 
فِيهِ هُدًى لِلْمُتَّقِينَ ﴿2﴾ الَّذِينَ يُؤْمِنُونَ بِالْغَيْبِ وَيُقِيمُونَ 
الصَّلَاةَ وَمِمَّا رَزَقْنَاهُمْ يُنْفِقُونَ ﴿3﴾ وَالَّذِينَ يُؤْمِنُونَ بِمَا 
أُنْزِلَ إِلَيْكَ وَمَا أُنْزِلَ مِنْ قَبْلِكَ وَبِالْآَخِرَةِ هُمْ يُوقِنُونَ 
﴿4﴾ أُولَئِكَ عَلَى هُدًى مِنْ رَبِّهِمْ وَأُولَئِكَ هُمُ الْمُفْلِحُونَ ﴿5﴾.", ,1, ,الرُّقية الشرعية من القرآن الكريم
306,الرُّقية الشرعية من القرآن الكريم,"اللّهُ لاَ إِلَـهَ إِلاَّ هُوَ 
الْحَيُّ الْقَيُّومُ لاَ تَأْخُذُهُ سِنَةٌ وَلاَ نَوْمٌ لَّهُ مَا فِي 
السَّمَاوَاتِ وَمَا فِي الأَرْضِ مَن ذَا الَّذِي يَشْفَعُ عِنْدَهُ إِلاَّ 
بِإِذْنِهِ يَعْلَمُ مَا بَيْنَ أَيْدِيهِمْ وَمَا خَلْفَهُمْ وَلاَ يُحِيطُونَ 
بِشَيْءٍ مِّنْ عِلْمِهِ إِلاَّ بِمَا شَاء وَسِعَ كُرْسِيُّهُ السَّمَاوَاتِ 
وَالأَرْضَ وَلاَ يَؤُودُهُ حِفْظُهُمَا وَهُوَ الْعَلِيُّ الْعَظِيمُ.", ,1, ,الرُّقية الشرعية من القرآن الكريم
307,الرُّقية الشرعية من القرآن الكريم,"لِلَّهِ مَا فِي السَّمَاوَاتِ 
وَمَا فِي الْأَرْضِ وَإِنْ تُبْدُوا مَا فِي أَنْفُسِكُمْ أَوْ تُخْفُوهُ 
يُحَاسِبْكُمْ بِهِ اللَّهُ فَيَغْفِرُ لِمَنْ يَشَاءُ وَيُعَذِّبُ مَنْ يَشَاءُ 
وَاللَّهُ عَلَى كُلِّ شَيْءٍ قَدِيرٌ ﴿284﴾ آَمَنَ الرَّسُولُ بِمَا أُنْزِلَ 
إِلَيْهِ مِنْ رَبِّهِ وَالْمُؤْمِنُونَ كُلٌّ آَمَنَ بِاللَّهِ وَمَلَائِكَتِهِ 
وَكُتُبِهِ وَرُسُلِهِ لَا نُفَرِّقُ بَيْنَ أَحَدٍ مِنْ رُسُلِهِ وَقَالُوا 
سَمِعْنَا وَأَطَعْنَا غُفْرَانَكَ رَبَّنَا وَإِلَيْكَ الْمَصِيرُ ﴿285﴾ لَا 
يُكَلِّفُ اللَّهُ نَفْسًا إِلَّا وُسْعَهَا لَهَا مَا كَسَبَتْ وَعَلَيْهَا مَا 
اكْتَسَبَتْ رَبَّنَا لَا تُؤَاخِذْنَا إِنْ نَسِينَا أَوْ أَخْطَأْنَا رَبَّنَا 
وَلَا تَحْمِلْ عَلَيْنَا إِصْرًا كَمَا حَمَلْتَهُ عَلَى الَّذِينَ مِنْ قَبْلِنَا 
رَبَّنَا وَلَا تُحَمِّلْنَا مَا لَا طَاقَةَ لَنَا بِهِ وَاعْفُ عَنَّا وَاغْفِرْ 
لَنَا وَارْحَمْنَا أَنْتَ مَوْلَانَا فَانْصُرْنَا عَلَى الْقَوْمِ الْكَافِرِينَ 
﴿286﴾.", ,1, ,الرُّقية الشرعية من القرآن الكريم
308,الرُّقية الشرعية من القرآن الكريم,"قُلْ يَا أَيُّهَا الْكَافِرُونَ ﴿1﴾ لَا أَعْبُدُ مَا تَعْبُدُونَ ﴿2﴾ وَلَا 
أَنْتُمْ عَابِدُونَ مَا أَعْبُدُ ﴿3﴾ وَلَا أَنَا عَابِدٌ مَا عَبَدْتُمْ ﴿4﴾ 
وَلَا أَنْتُمْ عَابِدُونَ مَا أَعْبُدُ ﴿5﴾ لَكُمْ دِينُكُمْ وَلِيَ دِينِ ﴿6﴾.", ,1, ,الرُّقية الشرعية من القرآن الكريم
309,الرُّقية الشرعية من القرآن الكريم,"قُلْ هُوَ اللَّهُ أَحَدٌ ﴿1﴾ اللَّهُ الصَّمَدُ ﴿2﴾ لَمْ يَلِدْ وَلَمْ يُولَدْ 
﴿3﴾ وَلَمْ يَكُنْ لَهُ كُفُوًا أَحَدٌ ﴿4﴾.", ,1, ,الرُّقية الشرعية من القرآن الكريم
310,الرُّقية الشرعية من القرآن الكريم,"قُلْ أَعُوذُ بِرَبِّ الْفَلَقِ ﴿1﴾ 
مِنْ شَرِّ مَا خَلَقَ ﴿2﴾ وَمِنْ شَرِّ غَاسِقٍ إِذَا وَقَبَ ﴿3﴾ وَمِنْ شَرِّ 
النَّفَّاثَاتِ فِي الْعُقَدِ ﴿4﴾ وَمِنْ شَرِّ حَاسِدٍ إِذَا حَسَدَ ﴿5﴾.", ,1, ,الرُّقية الشرعية من القرآن الكريم
311,الرُّقية الشرعية من القرآن الكريم,"قُلْ أَعُوذُ بِرَبِّ النَّاسِ ﴿1﴾ 
مَلِكِ النَّاسِ ﴿2﴾ إِلَهِ النَّاسِ ﴿3﴾ مِنْ شَرِّ الْوَسْوَاسِ الْخَنَّاسِ ﴿4﴾ 
الَّذِي يُوَسْوِسُ فِي صُدُورِ النَّاسِ ﴿5﴾ مِنَ الْجِنَّةِ وَالنَّاسِ ﴿6﴾.", ,1, ,الرُّقية الشرعية من القرآن الكريم
312,الرُّقية الشرعية من السنة النبوية,"أَعُوذُ بِاللَّهِ الْعَظِيمِ، وَبِوَجْهِهِ الْكَرِيمِ، وَسُلْطَانِهِ الْقَدِيمِ، مِنَ الشَّيْطَانِ الرَّجِيمِ.",فإذا قالَ ذلكَ قال الشيطانُ : حُفِظَ منِّي سائرَ اليومِ,1,أبو داود,الرُّقية الشرعية من السنة النبوية
313,الرُّقية الشرعية من السنة النبوية,"أَعُوذُ بِاللهِ مِنَ الشَّيْطَانِ الرَّجِيمِ، مِنْ هَمْزِهِ وَنَفْخِهِ وَنَفْثِهِ.", ,1,الترمذي,الرُّقية الشرعية من السنة النبوية
314,الرُّقية الشرعية من السنة النبوية,"أعوذُ بكلماتِ اللهِ التامَّةِ ، مِن كُلِّ شيطانٍ وهامَّةٍ ، ومِن كُلِّ عَيْنٍ لامَّةٍ.", ,1,البخاري,الرُّقية الشرعية من السنة النبوية
315,الرُّقية الشرعية من السنة النبوية,أعوذُ بكلماتِ اللهِ التامَّاتِ مِن شرِّ ما خَلق., ,1,مسلم,الرُّقية الشرعية من السنة النبوية
316,الرُّقية الشرعية من السنة النبوية,"بِسْمِ اللَّهِ أَرْقِيكَ، مِنْ كُلِّ شَيْءٍ يُؤْذِيكَ، مِنْ شَرِّ كُلِّ نَفْسٍ أَوْ عَيْنِ حَاسِدٍ، اللَّهُ يَشْفِيكَ، بِسْمِ اللَّهِ أَرْقِيكَ.", ,1,مسلم,الرُّقية الشرعية من السنة النبوية
317,الرُّقية الشرعية من السنة النبوية,"بِسْمِ اللَّهِ (ثَلَاثًا)، أَعُوذُ بِاللَّهِ وَقُدْرَتِهِ مِنْ شَرِّ مَا أَجِدُ وَأُحَاذِرُ (سَبْعَ مَرَّاتٍ).", ,1,مسلم,الرُّقية الشرعية من السنة النبوية
318,الرُّقية الشرعية من السنة النبوية,"أَسْأَلُ اللَّهَ الْعَظِيمَ رَبَّ الْعَرْشِ الْعَظِيمِ، أَنْ يَشْفِيَكَ.", ,7,أحمد,الرُّقية الشرعية من السنة النبوية
319,الرُّقية الشرعية من السنة النبوية,"اللَّهُمَّ ربَّ النَّاسِ، أَذْهِب الْبَأسَ، واشْفِ، أَنْتَ الشَّافي لا شِفَاءَ إِلاَّ شِفَاؤُكَ، شِفاءً لا يُغَادِرُ سقَماً.", ,1,البخاري,الرُّقية الشرعية من السنة النبوية
320,الرُّقية الشرعية من السنة النبوية,"اللَّهُمَّ اشْفِ عَبْدَكَ، وصَدِّقْ رَسُولَك.", ,1,أحمد,الرُّقية الشرعية من السنة النبوية
321,الرُّقية الشرعية من السنة النبوية,"اللهُمَّ بَارِكْ عَلَيْهِ، وَأَذْهِبْ عَنْهُ حَرَّ الْعَيْنِ وَبَرْدَهَا وَوَصَبَهَا.", ,1,أحمد,الرُّقية الشرعية من السنة النبوية
322,الرُّقية الشرعية من السنة النبوية,"اللَّهُمَّ إِنَّا نَسْأَلُكَ مِنْ خَيْرِ مَا سَأَلَكَ مِنْهُ نَبِيُّكَ مُحَمَّدٌ صلى الله عليه وسلم وَنَعُوذُ بِكَ مِنْ شَرِّ مَا اسْتَعَاذَ مِنْهُ نَبِيُّكَ مُحَمَّدٌ صلى الله عليه وسلم وَأَنْتَ الْمُسْتَعَانُ، وَعَلَيْكَ الْبَلَاغُ، وَلَا حَوْلَ وَلَا قُوَّةَ إِلَّا بِاللَّهِ.", ,1,الترمذي,الرُّقية الشرعية من السنة النبوية
323,الرُّقية الشرعية من السنة النبوية,"لَا إِلَهَ إِلَّا اللَّهُ الْعَظِيمُ الْحَلِيمُ، لَا إِلَهَ إِلَّا اللَّهُ رَبُّ الْعَرْشِ الْكَرِيمِ، لَا إِلَهَ إِلَّا اللَّهُ رَبُّ السَّمَاوَاتِ وَرَبُّ الْعَرْشِ الْعَظِيمِ.", ,1,"أحمد
",الرُّقية الشرعية من السنة النبوية
324,الرُّقية الشرعية من السنة النبوية,"رَبّنَا الَّلهُ الذِي فِي السَّمَاءِ، تَقَدَّسَ اسمُكَ، أَمرُكَ فِي السَّمَاءِ وَالأَرْضِ، كَمَا رَحمَتُكَ فِي السَّمَاءِ فَاجْعَلْ رَحْمَتَكَ فِي الأَرْضِ، اغفِر لَنَا حَوْبَنَا وَخَطَايَانَا، أَنتَ رَبُّ الطَّيِّبِينَ، أَنزِلْ رَحْمَةً مِن رَحمَتِكَ، وَشِفَاءً مِن شِفَائِكَ عَلَى هَذَا الوَجَعِ، فَيَبرَأ.", ,3,أبو داود,الرُّقية الشرعية من السنة النبوية
325,الرُّقية الشرعية من السنة النبوية,"أَعُوذُ بِكَلِمَاتِ اللَّهِ التَّامَّاتِ الَّتِي لَا يُجَاوِزُهُنَّ بَرٌّ وَلَا فَاجِرٌ، مِنْ شَرِّ مَا خَلَقَ، وَبَرَأَ، وَذَرَأَ، وَمِنْ شَرِّ مَا يَنْزِلُ مِنَ السَّمَاءِ، وَمِنْ شَرِّ مَا يَعْرُجُ فِيهَا، وَمِنْ شَرِّ مَا ذَرَأَ فِي الْأَرْضِ، وَمِنْ شَرِّ مَا يَخْرُجُ مِنْهَا، وَمِنْ شَرِّ فِتَنِ اللَّيْلِ وَالنَّهَارِ، وَمِنْ شَرِّ كُلِّ طَارِقٍ إِلَّا طَارِقًا يَطْرُقُ بِخَيْرٍ يَا رَحْمَنُ .", ,1,"أحمد
",الرُّقية الشرعية من السنة النبوية
326,الرُّقية الشرعية من السنة النبوية,بِسـمِ اللهِ الذي لا يَضُـرُّ مَعَ اسمِـهِ شَيءٌ في الأرْضِ وَلا في السّمـاءِ وَهـوَ السّمـيعُ العَلـيم., ,3,أبو داود,الرُّقية الشرعية من السنة النبوية
327,الرُّقية الشرعية من السنة النبوية,"أَعُوذُ بِكَلِمَاتِ اللهِ التَّامَّةِ مِنْ غَضَبِهِ وَعِقَابِهِ ، وَشَرِّ عِبَادِهِ ، وَمَنْ هَمَزَاتِ الشَّيَاطِينِ ، وَأَنْ يَحْضُرُونِ.", ,1,أبو داود,الرُّقية الشرعية من السنة النبوية
328,الرُّقية الشرعية من السنة النبوية,"بِسْمِ اللَّهِ الْعَظِيمِ ، أَعُوذُ بِاللَّهِ الْكَبِيرِ مِنْ شَرِّ كُلِّ عِرْقٍ نَعَّارٍ ، وَمِنْ شَرِّ حَرِّ النَّارِ.", ,1,الترمذي,الرُّقية الشرعية من السنة النبوية
329,الرُّقية الشرعية من السنة النبوية,"بِسْمِ اللهِ تربَةُ أَرْضِنَا، بِرِيقةِ بَعْضِنَا، يُشْفَى سَقِيمُنَا، بإِذْنِ رَبِّنَا.", ,1,"البخاري
",الرُّقية الشرعية من السنة النبوية
330,الرُّقية الشرعية من السنة النبوية,"أَسْأَلُ اللَّهَ الْعَظِيمَ رَبَّ الْعَرْشِ الْعَظِيمِ، أَنْ يُعَافِيَكَ وَيَشْفِيَكَ.", ,7,أحمد,الرُّقية الشرعية من السنة النبوية
331,الرُّقية الشرعية من السنة النبوية,"اللَّهُمَّ بَرِّدْ قَلْبِي بِالثَّلْجِ وَالْبَرَدِ وَالْمَاءِ الْبَارِدِ ، اللَّهُمَّ نَقِّ قَلْبِي مِنَ الْخَطَايَا كَمَا نَقَّيْتَ الثَّوْبَ الْأَبْيَضَ مِنَ الدَّنَسِ.", ,1,الترمذي,الرُّقية الشرعية من السنة النبوية
332,الرُّقية الشرعية من السنة النبوية,"اللَّهُمَّ إِنِّي أَعُوذُ بِوَجْهِكَ الْكَرِيمِ وَكَلِمَاتِكَ التَّامَّةِ مِنْ شَرِّ مَا أَنْتَ آخِذٌ بِنَاصِيَتِهِ، اللَّهُمَّ أَنْتَ تَكْشِفُ الْمَغْرَمَ وَالْمَأْثَمَ، اللَّهُمَّ لَا يُهْزَمُ جُنْدُكَ، وَلَا يُخْلَفُ وَعْدُكَ، وَلَا يَنْفَعُ ذَا الْجَدِّ مِنْكَ الْجَدُّ، سُبْحَانَكَ وَبِحَمْدِكَ.", ,1,أبو داود,الرُّقية الشرعية من السنة النبوية
333,الرُّقية الشرعية من السنة النبوية,"بِاسْمِ اللَّهِ يُبْرِيكَ، وَمِنْ كُلِّ دَاءٍ يَشْفِيكَ، وَمِنْ شَرِّ حَاسِدٍ إِذَا حَسَدَ، وَشَرِّ كُلِّ ذِي عَيْنٍ.", ,1,مسلم,الرُّقية الشرعية من السنة النبوية
334,الرُّقية الشرعية من السنة النبوية,"اللَّهُمَّ اشْفِ عَبْدَكَ يَنْكَأُ لَكَ عَدُوًّا ، أَوْ يَمْشِي لَكَ إِلَى صَلاةٍ.", ,1,أحمد,الرُّقية الشرعية من السنة النبوية
335,الرُّقية الشرعية من السنة النبوية,"اللَّهُمَّ صَلِّ عَلَى مُحَمَّدٍ وَعَلَى آلِ مُحَمَّدٍ كَمَا صَلَّيْتَ عَلَى إِبْرَاهِيمَ وَعَلَى آلِ إِبْرَاهِيمَ إِنَّكَ حَمِيدٌ مَجِيدٌ، اللَّهُمَّ بَارِكْ عَلَى مُحَمَّدٍ وَعَلَى آلِ مُحَمَّدٍ كَمَا بَارَكْتَ عَلَى إِبْرَاهِيمَ وَعَلَى آلِ إِبْرَاهِيمَ  فِي الْعَالَمِينَ إِنَّكَ حَمِيدٌ مَجِيدٌ.", ,1,البخاري,الرُّقية الشرعية من السنة النبوية
336,الرُّقية الشرعية من السنة النبوية,"بِسْمِ اللَّهِ أرْقِيكَ، مِنْ كُلِّ شَيْءٍ يُؤْذِيكَ، وَمِنْ شَرِّ كُلِّ نَفْسٍ أَوْ عَيْنِ حَاسِدٍ، اللهُ يَشْفِيكَ، بِسمِ اللَّهِ أَرقِيكَ", ,1,مسلم,الرُّقية الشرعية من السنة النبوية
